set	seqnames	start	end	width	strand	phastcons
sarcopterygii	NC_000001.11	3212083	3212319	237	*	25
sarcopterygii	NC_000001.11	3266191	3266264	74	*	17
sarcopterygii	NC_000001.11	10706605	10706666	62	*	28
sarcopterygii	NC_000001.11	10738861	10738976	116	*	18
sarcopterygii	NC_000001.11	10789591	10789646	56	*	15
sarcopterygii	NC_000001.11	10789842	10789908	67	*	18
sarcopterygii	NC_000001.11	36658190	36658260	71	*	15
sarcopterygii	NC_000001.11	40937371	40937515	145	*	17
sarcopterygii	NC_000001.11	44248749	44248852	104	*	23
sarcopterygii	NC_000001.11	44540424	44540522	99	*	30
sarcopterygii	NC_000001.11	44562446	44562530	85	*	25
sarcopterygii	NC_000001.11	50134281	50134398	118	*	15
sarcopterygii	NC_000001.11	50295813	50295900	88	*	26
sarcopterygii	NC_000001.11	50570040	50570070	31	*	15
sarcopterygii	NC_000001.11	55368667	55368719	53	*	15
sarcopterygii	NC_000001.11	60858481	60858547	67	*	32
sarcopterygii	NC_000001.11	62904983	62905020	38	*	17
sarcopterygii	NC_000001.11	62937846	62937930	85	*	21
sarcopterygii	NC_000001.11	62978064	62978100	37	*	15
sarcopterygii	NC_000001.11	62979880	62979970	91	*	20
sarcopterygii	NC_000001.11	62980004	62980040	37	*	14
sarcopterygii	NC_000001.11	63112713	63112935	223	*	34
sarcopterygii	NC_000001.11	63124938	63125098	161	*	40
sarcopterygii	NC_000001.11	63135094	63135121	28	*	17
sarcopterygii	NC_000001.11	63524421	63524474	54	*	21
sarcopterygii	NC_000001.11	63746266	63746376	111	*	17
sarcopterygii	NC_000001.11	64172836	64172959	124	*	21
sarcopterygii	NC_000001.11	72274597	72274637	41	*	20
sarcopterygii	NC_000001.11	74235306	74235364	59	*	16
sarcopterygii	NC_000001.11	80656893	80656962	70	*	14
sarcopterygii	NC_000001.11	81700626	81700680	55	*	19
sarcopterygii	NC_000001.11	81936993	81937202	210	*	19
sarcopterygii	NC_000001.11	81954647	81954739	93	*	26
sarcopterygii	NC_000001.11	81954751	81954793	43	*	25
sarcopterygii	NC_000001.11	81989300	81989441	142	*	16
sarcopterygii	NC_000001.11	85413345	85413449	105	*	17
sarcopterygii	NC_000001.11	85578529	85578580	52	*	20
sarcopterygii	NC_000001.11	87336661	87336799	139	*	30
sarcopterygii	NC_000001.11	87498470	87498632	163	*	32
sarcopterygii	NC_000001.11	88181068	88181199	132	*	30
sarcopterygii	NC_000001.11	88181436	88181502	67	*	23
sarcopterygii	NC_000001.11	88182038	88182162	125	*	28
sarcopterygii	NC_000001.11	90039466	90039618	153	*	26
sarcopterygii	NC_000001.11	90088521	90088605	85	*	20
sarcopterygii	NC_000001.11	90175962	90176220	259	*	66
sarcopterygii	NC_000001.11	90409227	90409393	167	*	55
sarcopterygii	NC_000001.11	90501481	90501554	74	*	15
sarcopterygii	NC_000001.11	90537895	90537959	65	*	17
sarcopterygii	NC_000001.11	90568026	90568065	40	*	14
sarcopterygii	NC_000001.11	90647939	90648310	372	*	37
sarcopterygii	NC_000001.11	90729954	90730027	74	*	15
sarcopterygii	NC_000001.11	90759432	90759479	48	*	17
sarcopterygii	NC_000001.11	90833551	90833644	94	*	24
sarcopterygii	NC_000001.11	92346999	92347049	51	*	16
sarcopterygii	NC_000001.11	92347245	92347271	27	*	15
sarcopterygii	NC_000001.11	96805616	96805643	28	*	15
sarcopterygii	NC_000001.11	97514222	97514337	116	*	20
sarcopterygii	NC_000001.11	108023710	108023790	81	*	16
sarcopterygii	NC_000001.11	148165654	148165785	132	*	17
sarcopterygii	NC_000001.11	148166210	148166302	93	*	25
sarcopterygii	NC_000001.11	154239218	154239330	113	*	24
sarcopterygii	NC_000001.11	164626919	164627256	338	*	45
sarcopterygii	NC_000001.11	164689093	164689242	150	*	28
sarcopterygii	NC_000001.11	164723675	164723782	108	*	24
sarcopterygii	NC_000001.11	164836713	164836798	86	*	15
sarcopterygii	NC_000001.11	180299423	180299585	163	*	17
sarcopterygii	NC_000001.11	181781206	181781323	118	*	19
sarcopterygii	NC_000001.11	185306853	185306919	67	*	15
sarcopterygii	NC_000001.11	198936757	198936821	65	*	15
sarcopterygii	NC_000001.11	199955379	199955601	223	*	28
sarcopterygii	NC_000001.11	200116917	200116998	82	*	15
sarcopterygii	NC_000001.11	200490445	200490544	100	*	16
sarcopterygii	NC_000001.11	208035659	208035739	81	*	25
sarcopterygii	NC_000001.11	210858290	210858357	68	*	16
sarcopterygii	NC_000001.11	210861759	210861875	117	*	19
sarcopterygii	NC_000001.11	213796541	213796587	47	*	15
sarcopterygii	NC_000001.11	214009316	214009375	60	*	16
sarcopterygii	NC_000001.11	214027588	214027814	227	*	27
sarcopterygii	NC_000001.11	215592917	215593015	99	*	15
sarcopterygii	NC_000001.11	215716350	215716459	110	*	35
sarcopterygii	NC_000001.11	215792219	215792262	44	*	14
sarcopterygii	NC_000001.11	215845168	215845319	152	*	32
sarcopterygii	NC_000001.11	215964253	215964288	36	*	15
sarcopterygii	NC_000001.11	216071460	216071589	130	*	15
sarcopterygii	NC_000001.11	216218551	216218657	107	*	19
sarcopterygii	NC_000001.11	216725289	216725368	80	*	23
sarcopterygii	NC_000001.11	217270387	217270422	36	*	16
sarcopterygii	NC_000001.11	217667874	217668056	183	*	32
sarcopterygii	NC_000001.11	217770836	217770905	70	*	15
sarcopterygii	NC_000001.11	218049567	218049666	100	*	30
sarcopterygii	NC_000001.11	221030397	221030469	73	*	17
sarcopterygii	NC_000001.11	221239627	221239695	69	*	16
sarcopterygii	NC_000001.11	221394250	221394325	76	*	24
sarcopterygii	NC_000001.11	221709150	221709211	62	*	18
sarcopterygii	NC_000001.11	246799731	246799759	29	*	14
sarcopterygii	NC_000002.12	5573347	5573393	47	*	18
sarcopterygii	NC_000002.12	6535711	6535831	121	*	16
sarcopterygii	NC_000002.12	11196730	11196865	136	*	16
sarcopterygii	NC_000002.12	38203235	38203344	110	*	21
sarcopterygii	NC_000002.12	45165005	45165101	97	*	32
sarcopterygii	NC_000002.12	50620882	50620921	40	*	14
sarcopterygii	NC_000002.12	50621766	50621891	126	*	32
sarcopterygii	NC_000002.12	58124314	58124426	113	*	16
sarcopterygii	NC_000002.12	59194999	59195048	50	*	14
sarcopterygii	NC_000002.12	59294929	59295006	78	*	20
sarcopterygii	NC_000002.12	59530482	59530572	91	*	20
sarcopterygii	NC_000002.12	59922712	59922797	86	*	18
sarcopterygii	NC_000002.12	60126047	60126180	134	*	21
sarcopterygii	NC_000002.12	60306390	60306449	60	*	19
sarcopterygii	NC_000002.12	60488359	60488501	143	*	16
sarcopterygii	NC_000002.12	60568418	60568512	95	*	15
sarcopterygii	NC_000002.12	62993157	62993202	46	*	15
sarcopterygii	NC_000002.12	63008261	63008312	52	*	15
sarcopterygii	NC_000002.12	63008949	63009121	173	*	33
sarcopterygii	NC_000002.12	63013041	63013089	49	*	14
sarcopterygii	NC_000002.12	66000047	66000116	70	*	15
sarcopterygii	NC_000002.12	66363051	66363156	106	*	17
sarcopterygii	NC_000002.12	66444767	66444916	150	*	47
sarcopterygii	NC_000002.12	66507991	66508057	67	*	18
sarcopterygii	NC_000002.12	66523164	66523326	163	*	45
sarcopterygii	NC_000002.12	66537347	66537438	92	*	21
sarcopterygii	NC_000002.12	66692151	66692384	234	*	43
sarcopterygii	NC_000002.12	67165025	67165407	383	*	47
sarcopterygii	NC_000002.12	67318938	67319035	98	*	17
sarcopterygii	NC_000002.12	67497779	67497874	96	*	18
sarcopterygii	NC_000002.12	68871598	68871662	65	*	14
sarcopterygii	NC_000002.12	72334081	72334163	83	*	17
sarcopterygii	NC_000002.12	72335346	72335455	110	*	18
sarcopterygii	NC_000002.12	104749200	104749261	62	*	17
sarcopterygii	NC_000002.12	112652866	112652956	91	*	19
sarcopterygii	NC_000002.12	118622062	118622458	397	*	51
sarcopterygii	NC_000002.12	120887714	120887841	128	*	16
sarcopterygii	NC_000002.12	132779484	132779566	83	*	14
sarcopterygii	NC_000002.12	136199502	136199599	98	*	15
sarcopterygii	NC_000002.12	138293389	138293473	85	*	25
sarcopterygii	NC_000002.12	143333965	143334073	109	*	23
sarcopterygii	NC_000002.12	143683139	143683202	64	*	18
sarcopterygii	NC_000002.12	143906830	143906881	52	*	17
sarcopterygii	NC_000002.12	144397301	144397433	133	*	17
sarcopterygii	NC_000002.12	144582679	144582735	57	*	18
sarcopterygii	NC_000002.12	145108726	145108768	43	*	21
sarcopterygii	NC_000002.12	145158090	145158146	57	*	15
sarcopterygii	NC_000002.12	145245264	145245366	103	*	15
sarcopterygii	NC_000002.12	145251883	145252003	121	*	25
sarcopterygii	NC_000002.12	145584369	145584588	220	*	22
sarcopterygii	NC_000002.12	146327752	146327845	94	*	17
sarcopterygii	NC_000002.12	146441010	146441060	51	*	21
sarcopterygii	NC_000002.12	146503521	146503697	177	*	30
sarcopterygii	NC_000002.12	155654082	155654116	35	*	14
sarcopterygii	NC_000002.12	156156619	156156655	37	*	14
sarcopterygii	NC_000002.12	156562229	156562460	232	*	42
sarcopterygii	NC_000002.12	156597996	156598125	130	*	38
sarcopterygii	NC_000002.12	156735726	156735902	177	*	17
sarcopterygii	NC_000002.12	157005651	157005824	174	*	24
sarcopterygii	NC_000002.12	159618121	159618188	68	*	19
sarcopterygii	NC_000002.12	163325277	163325361	85	*	26
sarcopterygii	NC_000002.12	163463234	163463360	127	*	18
sarcopterygii	NC_000002.12	170468015	170468161	147	*	26
sarcopterygii	NC_000002.12	170597988	170598141	154	*	16
sarcopterygii	NC_000002.12	171722212	171722293	82	*	18
sarcopterygii	NC_000002.12	171965962	171966014	53	*	16
sarcopterygii	NC_000002.12	174122240	174122476	237	*	53
sarcopterygii	NC_000002.12	175079414	175079462	49	*	15
sarcopterygii	NC_000002.12	175402550	175402592	43	*	15
sarcopterygii	NC_000002.12	176107189	176107239	51	*	23
sarcopterygii	NC_000002.12	176743715	176743864	150	*	29
sarcopterygii	NC_000002.12	176813577	176813718	142	*	26
sarcopterygii	NC_000002.12	176852024	176852173	150	*	23
sarcopterygii	NC_000002.12	176852246	176852394	149	*	23
sarcopterygii	NC_000002.12	176977432	176977566	135	*	18
sarcopterygii	NC_000002.12	181341551	181341665	115	*	19
sarcopterygii	NC_000002.12	181517783	181518009	227	*	30
sarcopterygii	NC_000002.12	185546169	185546206	38	*	14
sarcopterygii	NC_000002.12	190919588	190919723	136	*	35
sarcopterygii	NC_000002.12	195994663	195994774	112	*	24
sarcopterygii	NC_000002.12	195995342	195995448	107	*	15
sarcopterygii	NC_000002.12	202199469	202199542	74	*	19
sarcopterygii	NC_000002.12	205312702	205312750	49	*	16
sarcopterygii	NC_000002.12	209180744	209180800	57	*	14
sarcopterygii	NC_000002.12	209180886	209180922	37	*	14
sarcopterygii	NC_000002.12	226744187	226744249	63	*	18
sarcopterygii	NC_000002.12	226781595	226781697	103	*	15
sarcopterygii	NC_000002.12	235858865	235859184	320	*	71
sarcopterygii	NC_000002.12	235898172	235898274	103	*	25
sarcopterygii	NC_000002.12	236015057	236015141	85	*	19
sarcopterygii	NC_000003.12	18376677	18376864	188	*	57
sarcopterygii	NC_000003.12	18539207	18539383	177	*	20
sarcopterygii	NC_000003.12	24899976	24900159	184	*	30
sarcopterygii	NC_000003.12	25088385	25088639	255	*	28
sarcopterygii	NC_000003.12	43037623	43037694	72	*	15
sarcopterygii	NC_000003.12	44710168	44710247	80	*	21
sarcopterygii	NC_000003.12	52373653	52373743	91	*	16
sarcopterygii	NC_000003.12	55515876	55516061	186	*	28
sarcopterygii	NC_000003.12	56173714	56173779	66	*	18
sarcopterygii	NC_000003.12	57200422	57200484	63	*	14
sarcopterygii	NC_000003.12	58841957	58842087	131	*	15
sarcopterygii	NC_000003.12	62256746	62256823	78	*	15
sarcopterygii	NC_000003.12	62415177	62415227	51	*	20
sarcopterygii	NC_000003.12	68315600	68315687	88	*	17
sarcopterygii	NC_000003.12	69122654	69122701	48	*	15
sarcopterygii	NC_000003.12	69888212	69888292	81	*	17
sarcopterygii	NC_000003.12	69936378	69936449	72	*	20
sarcopterygii	NC_000003.12	70825233	70825361	129	*	17
sarcopterygii	NC_000003.12	70960456	70960497	42	*	15
sarcopterygii	NC_000003.12	70965327	70965445	119	*	37
sarcopterygii	NC_000003.12	71043265	71043378	114	*	35
sarcopterygii	NC_000003.12	71050161	71050297	137	*	16
sarcopterygii	NC_000003.12	71060338	71060418	81	*	22
sarcopterygii	NC_000003.12	71061182	71061269	88	*	16
sarcopterygii	NC_000003.12	71128984	71129085	102	*	17
sarcopterygii	NC_000003.12	71208922	71208954	33	*	17
sarcopterygii	NC_000003.12	71308052	71308102	51	*	14
sarcopterygii	NC_000003.12	77549680	77549770	91	*	15
sarcopterygii	NC_000003.12	78614037	78614093	57	*	17
sarcopterygii	NC_000003.12	85535119	85535239	121	*	17
sarcopterygii	NC_000003.12	99876705	99876790	86	*	22
sarcopterygii	NC_000003.12	127404293	127404454	162	*	22
sarcopterygii	NC_000003.12	143627441	143627529	89	*	15
sarcopterygii	NC_000003.12	147240339	147240519	181	*	19
sarcopterygii	NC_000003.12	147615190	147615290	101	*	24
sarcopterygii	NC_000003.12	148036337	148036421	85	*	26
sarcopterygii	NC_000003.12	148036557	148036662	106	*	21
sarcopterygii	NC_000003.12	158059162	158059191	30	*	14
sarcopterygii	NC_000003.12	158186570	158186699	130	*	20
sarcopterygii	NC_000003.12	169103939	169103996	58	*	16
sarcopterygii	NC_000003.12	169147567	169147614	48	*	15
sarcopterygii	NC_000003.12	169297333	169297480	148	*	25
sarcopterygii	NC_000003.12	169400412	169400661	250	*	28
sarcopterygii	NC_000003.12	169430797	169430898	102	*	15
sarcopterygii	NC_000003.12	169574299	169574370	72	*	28
sarcopterygii	NC_000003.12	169595618	169595769	152	*	23
sarcopterygii	NC_000003.12	181020263	181020463	201	*	26
sarcopterygii	NC_000003.12	181328465	181328504	40	*	18
sarcopterygii	NC_000003.12	182509471	182509572	102	*	26
sarcopterygii	NC_000004.12	1612227	1612293	67	*	15
sarcopterygii	NC_000004.12	13243609	13243670	62	*	15
sarcopterygii	NC_000004.12	13476982	13477078	97	*	17
sarcopterygii	NC_000004.12	16360086	16360175	90	*	18
sarcopterygii	NC_000004.12	23876554	23876596	43	*	15
sarcopterygii	NC_000004.12	24539066	24539093	28	*	19
sarcopterygii	NC_000004.12	37805751	37805861	111	*	25
sarcopterygii	NC_000004.12	41750127	41750214	88	*	21
sarcopterygii	NC_000004.12	41859067	41859118	52	*	15
sarcopterygii	NC_000004.12	54002092	54002236	145	*	20
sarcopterygii	NC_000004.12	54013512	54013575	64	*	18
sarcopterygii	NC_000004.12	54095641	54095685	45	*	14
sarcopterygii	NC_000004.12	54109513	54109601	89	*	18
sarcopterygii	NC_000004.12	61681261	61681323	63	*	14
sarcopterygii	NC_000004.12	68321849	68321941	93	*	24
sarcopterygii	NC_000004.12	79958460	79958495	36	*	14
sarcopterygii	NC_000004.12	83809684	83809760	77	*	15
sarcopterygii	NC_000004.12	84051752	84051813	62	*	17
sarcopterygii	NC_000004.12	95222487	95222634	148	*	27
sarcopterygii	NC_000004.12	95379213	95379325	113	*	17
sarcopterygii	NC_000004.12	97215748	97215841	94	*	16
sarcopterygii	NC_000004.12	108141269	108141372	104	*	32
sarcopterygii	NC_000004.12	108200373	108200473	101	*	15
sarcopterygii	NC_000004.12	111520100	111520154	55	*	17
sarcopterygii	NC_000004.12	118488197	118488238	42	*	19
sarcopterygii	NC_000004.12	118514371	118514407	37	*	14
sarcopterygii	NC_000004.12	118515042	118515100	59	*	15
sarcopterygii	NC_000004.12	125346598	125346659	62	*	15
sarcopterygii	NC_000004.12	126182501	126182603	103	*	16
sarcopterygii	NC_000004.12	137534268	137534323	56	*	14
sarcopterygii	NC_000004.12	145883198	145883312	115	*	19
sarcopterygii	NC_000004.12	146263917	146264175	259	*	41
sarcopterygii	NC_000004.12	150355985	150356143	159	*	19
sarcopterygii	NC_000004.12	150367614	150367687	74	*	28
sarcopterygii	NC_000004.12	150766768	150766925	158	*	18
sarcopterygii	NC_000004.12	150796016	150796055	40	*	16
sarcopterygii	NC_000004.12	159343954	159343981	28	*	15
sarcopterygii	NC_000004.12	182347340	182347547	208	*	40
sarcopterygii	NC_000004.12	182705121	182705180	60	*	15
sarcopterygii	NC_000004.12	183241885	183242017	133	*	18
sarcopterygii	NC_000005.10	1729216	1729263	48	*	16
sarcopterygii	NC_000005.10	3232069	3232195	127	*	26
sarcopterygii	NC_000005.10	3598245	3598379	135	*	17
sarcopterygii	NC_000005.10	4039234	4039270	37	*	17
sarcopterygii	NC_000005.10	4418130	4418344	215	*	29
sarcopterygii	NC_000005.10	32523360	32523400	41	*	15
sarcopterygii	NC_000005.10	51095911	51095964	54	*	15
sarcopterygii	NC_000005.10	51173203	51173242	40	*	15
sarcopterygii	NC_000005.10	51838585	51838667	83	*	19
sarcopterygii	NC_000005.10	51917813	51918063	251	*	42
sarcopterygii	NC_000005.10	51998003	51998042	40	*	14
sarcopterygii	NC_000005.10	52580687	52580721	35	*	14
sarcopterygii	NC_000005.10	54214876	54214939	64	*	33
sarcopterygii	NC_000005.10	65272081	65272144	64	*	16
sarcopterygii	NC_000005.10	71756044	71756105	62	*	16
sarcopterygii	NC_000005.10	76079138	76079200	63	*	15
sarcopterygii	NC_000005.10	77595636	77595805	170	*	49
sarcopterygii	NC_000005.10	77639991	77640077	87	*	20
sarcopterygii	NC_000005.10	78003829	78003899	71	*	28
sarcopterygii	NC_000005.10	87872990	87873050	61	*	19
sarcopterygii	NC_000005.10	87944813	87944854	42	*	24
sarcopterygii	NC_000005.10	88760214	88760286	73	*	19
sarcopterygii	NC_000005.10	88786181	88786318	138	*	56
sarcopterygii	NC_000005.10	91538362	91538461	100	*	23
sarcopterygii	NC_000005.10	92113031	92113113	83	*	15
sarcopterygii	NC_000005.10	92640595	92640683	89	*	24
sarcopterygii	NC_000005.10	92880401	92880483	83	*	21
sarcopterygii	NC_000005.10	92908027	92908207	181	*	25
sarcopterygii	NC_000005.10	107437975	107438133	159	*	45
sarcopterygii	NC_000005.10	107570470	107570571	102	*	18
sarcopterygii	NC_000005.10	107574531	107574621	91	*	16
sarcopterygii	NC_000005.10	110950531	110950681	151	*	20
sarcopterygii	NC_000005.10	117262300	117262390	91	*	15
sarcopterygii	NC_000005.10	123094747	123094806	60	*	15
sarcopterygii	NC_000005.10	124659885	124660057	173	*	22
sarcopterygii	NC_000005.10	125236276	125236348	73	*	17
sarcopterygii	NC_000005.10	139495513	139495594	82	*	16
sarcopterygii	NC_000005.10	157817606	157817660	55	*	15
sarcopterygii	NC_000005.10	158677154	158677238	85	*	15
sarcopterygii	NC_000005.10	158732563	158732681	119	*	21
sarcopterygii	NC_000005.10	167836218	167836298	81	*	18
sarcopterygii	NC_000005.10	168845193	168845246	54	*	19
sarcopterygii	NC_000005.10	174659635	174659731	97	*	19
sarcopterygii	NC_000006.12	1512823	1512998	176	*	20
sarcopterygii	NC_000006.12	1884434	1884466	33	*	18
sarcopterygii	NC_000006.12	2559589	2559618	30	*	14
sarcopterygii	NC_000006.12	8278775	8278888	114	*	21
sarcopterygii	NC_000006.12	8359330	8359395	66	*	17
sarcopterygii	NC_000006.12	8469371	8469460	90	*	17
sarcopterygii	NC_000006.12	9096143	9096191	49	*	17
sarcopterygii	NC_000006.12	9938758	9939018	261	*	44
sarcopterygii	NC_000006.12	17285443	17285486	44	*	18
sarcopterygii	NC_000006.12	20955203	20955280	78	*	20
sarcopterygii	NC_000006.12	21148097	21148190	94	*	15
sarcopterygii	NC_000006.12	44856416	44856509	94	*	19
sarcopterygii	NC_000006.12	50585218	50585407	190	*	47
sarcopterygii	NC_000006.12	50712630	50712690	61	*	17
sarcopterygii	NC_000006.12	50717868	50717926	59	*	15
sarcopterygii	NC_000006.12	51409518	51409563	46	*	15
sarcopterygii	NC_000006.12	51843036	51843105	70	*	26
sarcopterygii	NC_000006.12	51929971	51930008	38	*	14
sarcopterygii	NC_000006.12	55713704	55713796	93	*	18
sarcopterygii	NC_000006.12	56541529	56541575	47	*	17
sarcopterygii	NC_000006.12	61679262	61679307	46	*	14
sarcopterygii	NC_000006.12	84635295	84635331	37	*	14
sarcopterygii	NC_000006.12	90219202	90219343	142	*	21
sarcopterygii	NC_000006.12	90536739	90536779	41	*	16
sarcopterygii	NC_000006.12	92778083	92778183	101	*	17
sarcopterygii	NC_000006.12	97128789	97128864	76	*	18
sarcopterygii	NC_000006.12	97656412	97656553	142	*	29
sarcopterygii	NC_000006.12	98843943	98844207	265	*	67
sarcopterygii	NC_000006.12	99646425	99646494	70	*	17
sarcopterygii	NC_000006.12	106027106	106027197	92	*	17
sarcopterygii	NC_000006.12	108227364	108227415	52	*	15
sarcopterygii	NC_000006.12	108363917	108363961	45	*	14
sarcopterygii	NC_000006.12	113223116	113223183	68	*	17
sarcopterygii	NC_000006.12	113223280	113223379	100	*	17
sarcopterygii	NC_000006.12	116994457	116994511	55	*	17
sarcopterygii	NC_000006.12	116994747	116994823	77	*	24
sarcopterygii	NC_000006.12	125766810	125766863	54	*	14
sarcopterygii	NC_000006.12	128100058	128100092	35	*	14
sarcopterygii	NC_000006.12	128206861	128206968	108	*	20
sarcopterygii	NC_000006.12	131611577	131611622	46	*	16
sarcopterygii	NC_000006.12	137315409	137315570	162	*	26
sarcopterygii	NC_000006.12	156918411	156918486	76	*	18
sarcopterygii	NC_000006.12	170293470	170293505	36	*	15
sarcopterygii	NC_000007.14	2659943	2660004	62	*	15
sarcopterygii	NC_000007.14	8982713	8982769	57	*	15
sarcopterygii	NC_000007.14	9352899	9353095	197	*	26
sarcopterygii	NC_000007.14	13743298	13743381	84	*	16
sarcopterygii	NC_000007.14	16002478	16002536	59	*	16
sarcopterygii	NC_000007.14	18643621	18643841	221	*	54
sarcopterygii	NC_000007.14	19095174	19095298	125	*	25
sarcopterygii	NC_000007.14	19337004	19337135	132	*	23
sarcopterygii	NC_000007.14	26843056	26843189	134	*	40
sarcopterygii	NC_000007.14	27101737	27101857	121	*	16
sarcopterygii	NC_000007.14	27133173	27133218	46	*	19
sarcopterygii	NC_000007.14	27161396	27161515	120	*	25
sarcopterygii	NC_000007.14	27252710	27252754	45	*	21
sarcopterygii	NC_000007.14	34059246	34059353	108	*	15
sarcopterygii	NC_000007.14	35319821	35319888	68	*	15
sarcopterygii	NC_000007.14	35419345	35419441	97	*	17
sarcopterygii	NC_000007.14	35466065	35466160	96	*	20
sarcopterygii	NC_000007.14	38977758	38977817	60	*	19
sarcopterygii	NC_000007.14	39125898	39125925	28	*	14
sarcopterygii	NC_000007.14	39208852	39208927	76	*	20
sarcopterygii	NC_000007.14	42027564	42027870	307	*	22
sarcopterygii	NC_000007.14	42151387	42151433	47	*	14
sarcopterygii	NC_000007.14	48902461	48902508	48	*	14
sarcopterygii	NC_000007.14	56995959	56996041	83	*	16
sarcopterygii	NC_000007.14	63580908	63580990	83	*	16
sarcopterygii	NC_000007.14	69960194	69960359	166	*	20
sarcopterygii	NC_000007.14	70384188	70384350	163	*	16
sarcopterygii	NC_000007.14	70432994	70433076	83	*	16
sarcopterygii	NC_000007.14	70507995	70508093	99	*	24
sarcopterygii	NC_000007.14	70631141	70631257	117	*	17
sarcopterygii	NC_000007.14	86217604	86217683	80	*	16
sarcopterygii	NC_000007.14	96809419	96809571	153	*	28
sarcopterygii	NC_000007.14	96992091	96992220	130	*	22
sarcopterygii	NC_000007.14	108994588	108994708	121	*	22
sarcopterygii	NC_000007.14	114534005	114534084	80	*	15
sarcopterygii	NC_000007.14	114619925	114619963	39	*	17
sarcopterygii	NC_000007.14	114631081	114631134	54	*	18
sarcopterygii	NC_000007.14	114657129	114657209	81	*	24
sarcopterygii	NC_000007.14	114665681	114665898	218	*	33
sarcopterygii	NC_000007.14	115299647	115299737	91	*	16
sarcopterygii	NC_000007.14	115549940	115550250	311	*	68
sarcopterygii	NC_000007.14	115600576	115600718	143	*	33
sarcopterygii	NC_000007.14	115673718	115673765	48	*	18
sarcopterygii	NC_000007.14	115674255	115674303	49	*	14
sarcopterygii	NC_000007.14	115709710	115709840	131	*	26
sarcopterygii	NC_000007.14	115783375	115783440	66	*	14
sarcopterygii	NC_000007.14	131830680	131830750	71	*	15
sarcopterygii	NC_000007.14	132133688	132133793	106	*	20
sarcopterygii	NC_000007.14	135129138	135129196	59	*	15
sarcopterygii	NC_000007.14	141072523	141072634	112	*	19
sarcopterygii	NC_000007.14	149320925	149321279	355	*	21
sarcopterygii	NC_000007.14	155510215	155510256	42	*	16
sarcopterygii	NC_000007.14	155718583	155718658	76	*	18
sarcopterygii	NC_000007.14	156399729	156399861	133	*	17
sarcopterygii	NC_000007.14	157197924	157198144	221	*	19
sarcopterygii	NC_000007.14	157578190	157578289	100	*	24
sarcopterygii	NC_000008.11	25909440	25909506	67	*	17
sarcopterygii	NC_000008.11	27064284	27064334	51	*	19
sarcopterygii	NC_000008.11	37675319	37675395	77	*	17
sarcopterygii	NC_000008.11	48380107	48380211	105	*	17
sarcopterygii	NC_000008.11	52770820	52770852	33	*	14
sarcopterygii	NC_000008.11	56209476	56209591	116	*	24
sarcopterygii	NC_000008.11	58958376	58958471	96	*	23
sarcopterygii	NC_000008.11	59968039	59968202	164	*	18
sarcopterygii	NC_000008.11	64895374	64895574	201	*	40
sarcopterygii	NC_000008.11	65449949	65449976	28	*	14
sarcopterygii	NC_000008.11	71243848	71243930	83	*	24
sarcopterygii	NC_000008.11	73490223	73490421	199	*	31
sarcopterygii	NC_000008.11	74603352	74603650	299	*	22
sarcopterygii	NC_000008.11	75724087	75724344	258	*	36
sarcopterygii	NC_000008.11	75971568	75971754	187	*	65
sarcopterygii	NC_000008.11	75978310	75978384	75	*	21
sarcopterygii	NC_000008.11	76119798	76119890	93	*	19
sarcopterygii	NC_000008.11	76122350	76122430	81	*	19
sarcopterygii	NC_000008.11	76583417	76583459	43	*	14
sarcopterygii	NC_000008.11	76664696	76664777	82	*	19
sarcopterygii	NC_000008.11	76727035	76727096	62	*	16
sarcopterygii	NC_000008.11	76840085	76840179	95	*	22
sarcopterygii	NC_000008.11	77619161	77619632	472	*	71
sarcopterygii	NC_000008.11	77865981	77866028	48	*	15
sarcopterygii	NC_000008.11	78009845	78009898	54	*	20
sarcopterygii	NC_000008.11	79739897	79739980	84	*	27
sarcopterygii	NC_000008.11	87788262	87788343	82	*	37
sarcopterygii	NC_000008.11	87789367	87789510	144	*	22
sarcopterygii	NC_000008.11	91813518	91813619	102	*	26
sarcopterygii	NC_000008.11	91841279	91841325	47	*	17
sarcopterygii	NC_000008.11	92225778	92225885	108	*	15
sarcopterygii	NC_000008.11	92371901	92372050	150	*	17
sarcopterygii	NC_000008.11	92648725	92648828	104	*	24
sarcopterygii	NC_000008.11	92693597	92693878	282	*	23
sarcopterygii	NC_000008.11	92804081	92804158	78	*	16
sarcopterygii	NC_000008.11	93393220	93393314	95	*	17
sarcopterygii	NC_000008.11	98681908	98682036	129	*	26
sarcopterygii	NC_000008.11	99499048	99499110	63	*	14
sarcopterygii	NC_000008.11	99704585	99704728	144	*	21
sarcopterygii	NC_000008.11	105091781	105091923	143	*	33
sarcopterygii	NC_000008.11	115507626	115507719	94	*	18
sarcopterygii	NC_000008.11	118111878	118111981	104	*	19
sarcopterygii	NC_000009.12	1032307	1032414	108	*	20
sarcopterygii	NC_000009.12	8500053	8500142	90	*	20
sarcopterygii	NC_000009.12	9921079	9921111	33	*	16
sarcopterygii	NC_000009.12	9921194	9921264	71	*	16
sarcopterygii	NC_000009.12	10534916	10535016	101	*	19
sarcopterygii	NC_000009.12	15035871	15035961	91	*	22
sarcopterygii	NC_000009.12	16430560	16430682	123	*	17
sarcopterygii	NC_000009.12	17322521	17322715	195	*	24
sarcopterygii	NC_000009.12	17323010	17323129	120	*	37
sarcopterygii	NC_000009.12	17389166	17389298	133	*	28
sarcopterygii	NC_000009.12	23704743	23704804	62	*	16
sarcopterygii	NC_000009.12	36986390	36986466	77	*	34
sarcopterygii	NC_000009.12	76725698	76725753	56	*	21
sarcopterygii	NC_000009.12	81653832	81653941	110	*	15
sarcopterygii	NC_000009.12	82488470	82488538	69	*	20
sarcopterygii	NC_000009.12	87819203	87819279	77	*	16
sarcopterygii	NC_000009.12	95845748	95845898	151	*	32
sarcopterygii	NC_000009.12	99201624	99201872	249	*	33
sarcopterygii	NC_000009.12	107638104	107638194	91	*	19
sarcopterygii	NC_000009.12	124385579	124385639	61	*	22
sarcopterygii	NC_000009.12	124385859	124385967	109	*	26
sarcopterygii	NC_000009.12	125764335	125764475	141	*	27
sarcopterygii	NC_000009.12	125885668	125885744	77	*	15
sarcopterygii	NC_000009.12	125889566	125889637	72	*	15
sarcopterygii	NC_000009.12	125965114	125965156	43	*	17
sarcopterygii	NC_000009.12	126624916	126624995	80	*	16
sarcopterygii	NC_000009.12	130489161	130489199	39	*	14
sarcopterygii	NC_000009.12	132457441	132457610	170	*	29
sarcopterygii	NC_000009.12	132588361	132588456	96	*	18
sarcopterygii	NC_000009.12	136182491	136182552	62	*	15
sarcopterygii	NC_000009.12	138069621	138069697	77	*	19
sarcopterygii	NC_000010.11	1293590	1293633	44	*	15
sarcopterygii	NC_000010.11	1509324	1509352	29	*	14
sarcopterygii	NC_000010.11	2773138	2773334	197	*	18
sarcopterygii	NC_000010.11	3783030	3783121	92	*	21
sarcopterygii	NC_000010.11	3783853	3783890	38	*	20
sarcopterygii	NC_000010.11	7944626	7944714	89	*	17
sarcopterygii	NC_000010.11	7952730	7952808	79	*	15
sarcopterygii	NC_000010.11	8065749	8065805	57	*	15
sarcopterygii	NC_000010.11	8332479	8332604	126	*	16
sarcopterygii	NC_000010.11	8624329	8624574	246	*	19
sarcopterygii	NC_000010.11	8628072	8628122	51	*	14
sarcopterygii	NC_000010.11	9127967	9128059	93	*	15
sarcopterygii	NC_000010.11	9140461	9140576	116	*	16
sarcopterygii	NC_000010.11	9157754	9157808	55	*	14
sarcopterygii	NC_000010.11	10592063	10592310	248	*	20
sarcopterygii	NC_000010.11	10873144	10873274	131	*	16
sarcopterygii	NC_000010.11	11153911	11154034	124	*	35
sarcopterygii	NC_000010.11	16522968	16523072	105	*	15
sarcopterygii	NC_000010.11	27908339	27908455	117	*	19
sarcopterygii	NC_000010.11	28681628	28681657	30	*	14
sarcopterygii	NC_000010.11	29226139	29226220	82	*	15
sarcopterygii	NC_000010.11	30717643	30717712	70	*	15
sarcopterygii	NC_000010.11	36515222	36515352	131	*	17
sarcopterygii	NC_000010.11	48954935	48955062	128	*	21
sarcopterygii	NC_000010.11	49500743	49500877	135	*	16
sarcopterygii	NC_000010.11	52609861	52610061	201	*	18
sarcopterygii	NC_000010.11	60076505	60076540	36	*	18
sarcopterygii	NC_000010.11	60077058	60077170	113	*	15
sarcopterygii	NC_000010.11	60390474	60390534	61	*	14
sarcopterygii	NC_000010.11	61321870	61322014	145	*	16
sarcopterygii	NC_000010.11	61783055	61783125	71	*	14
sarcopterygii	NC_000010.11	61900033	61900163	131	*	24
sarcopterygii	NC_000010.11	61938237	61938320	84	*	15
sarcopterygii	NC_000010.11	61962546	61962722	177	*	18
sarcopterygii	NC_000010.11	61974814	61974890	77	*	21
sarcopterygii	NC_000010.11	61993411	61993536	126	*	30
sarcopterygii	NC_000010.11	62034585	62034693	109	*	16
sarcopterygii	NC_000010.11	62084583	62084672	90	*	17
sarcopterygii	NC_000010.11	62771866	62771959	94	*	19
sarcopterygii	NC_000010.11	62772044	62772095	52	*	16
sarcopterygii	NC_000010.11	62816414	62816447	34	*	14
sarcopterygii	NC_000010.11	62925447	62925496	50	*	22
sarcopterygii	NC_000010.11	63074042	63074082	41	*	14
sarcopterygii	NC_000010.11	71648008	71648105	98	*	16
sarcopterygii	NC_000010.11	73448464	73448501	38	*	15
sarcopterygii	NC_000010.11	74282177	74282333	157	*	17
sarcopterygii	NC_000010.11	75239023	75239061	39	*	15
sarcopterygii	NC_000010.11	75367340	75367446	107	*	19
sarcopterygii	NC_000010.11	75367481	75367698	218	*	18
sarcopterygii	NC_000010.11	75487222	75487375	154	*	17
sarcopterygii	NC_000010.11	75547868	75548009	142	*	24
sarcopterygii	NC_000010.11	75660296	75660395	100	*	29
sarcopterygii	NC_000010.11	75712064	75712136	73	*	17
sarcopterygii	NC_000010.11	75739199	75739284	86	*	22
sarcopterygii	NC_000010.11	75759337	75759547	211	*	20
sarcopterygii	NC_000010.11	75759628	75759685	58	*	18
sarcopterygii	NC_000010.11	75804383	75804458	76	*	15
sarcopterygii	NC_000010.11	75888479	75888549	71	*	21
sarcopterygii	NC_000010.11	75904465	75904561	97	*	22
sarcopterygii	NC_000010.11	75935596	75935689	94	*	15
sarcopterygii	NC_000010.11	76006559	76006655	97	*	16
sarcopterygii	NC_000010.11	76111484	76111661	178	*	17
sarcopterygii	NC_000010.11	76118983	76119258	276	*	35
sarcopterygii	NC_000010.11	76298108	76298195	88	*	15
sarcopterygii	NC_000010.11	76347536	76347684	149	*	17
sarcopterygii	NC_000010.11	76429584	76429652	69	*	15
sarcopterygii	NC_000010.11	76739914	76740058	145	*	16
sarcopterygii	NC_000010.11	76833524	76833672	149	*	16
sarcopterygii	NC_000010.11	76928597	76928668	72	*	16
sarcopterygii	NC_000010.11	76968605	76968704	100	*	15
sarcopterygii	NC_000010.11	78657023	78657191	169	*	19
sarcopterygii	NC_000010.11	84393602	84393702	101	*	29
sarcopterygii	NC_000010.11	85735206	85735292	87	*	15
sarcopterygii	NC_000010.11	92703189	92703245	57	*	14
sarcopterygii	NC_000010.11	92800092	92800181	90	*	19
sarcopterygii	NC_000010.11	93199496	93199545	50	*	14
sarcopterygii	NC_000010.11	95322341	95322374	34	*	15
sarcopterygii	NC_000010.11	100684348	100684417	70	*	16
sarcopterygii	NC_000010.11	100708243	100708290	48	*	20
sarcopterygii	NC_000010.11	100761551	100761621	71	*	16
sarcopterygii	NC_000010.11	101217293	101217435	143	*	20
sarcopterygii	NC_000010.11	101292430	101292566	137	*	29
sarcopterygii	NC_000010.11	101304513	101304591	79	*	20
sarcopterygii	NC_000010.11	101304629	101304701	73	*	19
sarcopterygii	NC_000010.11	101614646	101614709	64	*	16
sarcopterygii	NC_000010.11	101660388	101660447	60	*	14
sarcopterygii	NC_000010.11	104744919	104745027	109	*	15
sarcopterygii	NC_000010.11	106532032	106532115	84	*	15
sarcopterygii	NC_000010.11	106973814	106973916	103	*	15
sarcopterygii	NC_000010.11	108085534	108085605	72	*	14
sarcopterygii	NC_000010.11	111323234	111323296	63	*	15
sarcopterygii	NC_000010.11	112522728	112522804	77	*	15
sarcopterygii	NC_000010.11	112644281	112644362	82	*	20
sarcopterygii	NC_000010.11	112859313	112859503	191	*	35
sarcopterygii	NC_000010.11	112887591	112887761	171	*	18
sarcopterygii	NC_000010.11	112959286	112959429	144	*	17
sarcopterygii	NC_000010.11	112962171	112962293	123	*	21
sarcopterygii	NC_000010.11	113177652	113177745	94	*	15
sarcopterygii	NC_000010.11	113226843	113226945	103	*	15
sarcopterygii	NC_000010.11	113236962	113237147	186	*	17
sarcopterygii	NC_000010.11	113244458	113244541	84	*	19
sarcopterygii	NC_000010.11	113376093	113376333	241	*	19
sarcopterygii	NC_000010.11	113393709	113393787	79	*	15
sarcopterygii	NC_000010.11	116134197	116134337	141	*	17
sarcopterygii	NC_000010.11	116142624	116142754	131	*	22
sarcopterygii	NC_000010.11	116171164	116171249	86	*	15
sarcopterygii	NC_000010.11	117504435	117504572	138	*	16
sarcopterygii	NC_000010.11	117541280	117541337	58	*	17
sarcopterygii	NC_000010.11	117591577	117591728	152	*	17
sarcopterygii	NC_000010.11	117850678	117850842	165	*	17
sarcopterygii	NC_000010.11	117889727	117889905	179	*	18
sarcopterygii	NC_000010.11	117961601	117961659	59	*	20
sarcopterygii	NC_000010.11	118013250	118013440	191	*	19
sarcopterygii	NC_000010.11	118214337	118214510	174	*	17
sarcopterygii	NC_000010.11	118514530	118514874	345	*	20
sarcopterygii	NC_000010.11	121312709	121312801	93	*	15
sarcopterygii	NC_000010.11	121482238	121482350	113	*	15
sarcopterygii	NC_000010.11	121600889	121601006	118	*	15
sarcopterygii	NC_000010.11	123079840	123079998	159	*	17
sarcopterygii	NC_000010.11	123081639	123081755	117	*	19
sarcopterygii	NC_000010.11	123258465	123258590	126	*	16
sarcopterygii	NC_000010.11	123440208	123440274	67	*	14
sarcopterygii	NC_000010.11	124505498	124505596	99	*	15
sarcopterygii	NC_000010.11	125195242	125195337	96	*	15
sarcopterygii	NC_000010.11	128214662	128214833	172	*	46
sarcopterygii	NC_000010.11	128214857	128214902	46	*	15
sarcopterygii	NC_000010.11	128214967	128214994	28	*	14
sarcopterygii	NC_000010.11	128515503	128515656	154	*	38
sarcopterygii	NC_000010.11	128541362	128541425	64	*	18
sarcopterygii	NC_000010.11	128854192	128854282	91	*	29
sarcopterygii	NC_000010.11	128873419	128873534	116	*	18
sarcopterygii	NC_000010.11	128908387	128908455	69	*	18
sarcopterygii	NC_000010.11	129279996	129280129	134	*	16
sarcopterygii	NC_000010.11	129571217	129571340	124	*	16
sarcopterygii	NC_000010.11	129627632	129627803	172	*	46
sarcopterygii	NC_000010.11	129763154	129763232	79	*	17
sarcopterygii	NC_000010.11	129791281	129791378	98	*	24
sarcopterygii	NC_000010.11	129840714	129840757	44	*	20
sarcopterygii	NC_000010.11	129847480	129847570	91	*	15
sarcopterygii	NC_000010.11	129854451	129854496	46	*	17
sarcopterygii	NC_000010.11	129885456	129885521	66	*	26
sarcopterygii	NC_000010.11	129888495	129888541	47	*	15
sarcopterygii	NC_000010.11	129888775	129888863	89	*	21
sarcopterygii	NC_000010.11	129892928	129892975	48	*	14
sarcopterygii	NC_000010.11	129943266	129943357	92	*	21
sarcopterygii	NC_000010.11	129943388	129943439	52	*	17
sarcopterygii	NC_000010.11	129957019	129957108	90	*	26
sarcopterygii	NC_000010.11	129971261	129971306	46	*	18
sarcopterygii	NC_000010.11	132657875	132657929	55	*	14
sarcopterygii	NC_000011.10	2869850	2869939	90	*	15
sarcopterygii	NC_000011.10	4210625	4210652	28	*	14
sarcopterygii	NC_000011.10	8244329	8244414	86	*	28
sarcopterygii	NC_000011.10	8244483	8244554	72	*	21
sarcopterygii	NC_000011.10	9631259	9631311	53	*	14
sarcopterygii	NC_000011.10	12724404	12724543	140	*	27
sarcopterygii	NC_000011.10	12802817	12803005	189	*	42
sarcopterygii	NC_000011.10	15842204	15842316	113	*	19
sarcopterygii	NC_000011.10	15883258	15883369	112	*	15
sarcopterygii	NC_000011.10	16091917	16092021	105	*	19
sarcopterygii	NC_000011.10	16099166	16099226	61	*	14
sarcopterygii	NC_000011.10	16342461	16342502	42	*	16
sarcopterygii	NC_000011.10	23403813	23403916	104	*	20
sarcopterygii	NC_000011.10	28268993	28269171	179	*	18
sarcopterygii	NC_000011.10	31029969	31030078	110	*	15
sarcopterygii	NC_000011.10	31299236	31299291	56	*	14
sarcopterygii	NC_000011.10	31477518	31477552	35	*	14
sarcopterygii	NC_000011.10	31796038	31796150	113	*	16
sarcopterygii	NC_000011.10	31819941	31820010	70	*	15
sarcopterygii	NC_000011.10	31993006	31993128	123	*	19
sarcopterygii	NC_000011.10	32030977	32031013	37	*	18
sarcopterygii	NC_000011.10	32176821	32176910	90	*	18
sarcopterygii	NC_000011.10	32723458	32723788	331	*	50
sarcopterygii	NC_000011.10	34404042	34404277	236	*	32
sarcopterygii	NC_000011.10	37087507	37087650	144	*	18
sarcopterygii	NC_000011.10	44236005	44236058	54	*	16
sarcopterygii	NC_000011.10	47823972	47824054	83	*	18
sarcopterygii	NC_000011.10	47929553	47929615	63	*	17
sarcopterygii	NC_000011.10	49097973	49098046	74	*	16
sarcopterygii	NC_000011.10	62747885	62747913	29	*	20
sarcopterygii	NC_000011.10	63244959	63245042	84	*	23
sarcopterygii	NC_000011.10	69205828	69206092	265	*	18
sarcopterygii	NC_000011.10	78886095	78886160	66	*	22
sarcopterygii	NC_000011.10	82788106	82788150	45	*	16
sarcopterygii	NC_000011.10	82788197	82788236	40	*	14
sarcopterygii	NC_000011.10	89734898	89734995	98	*	15
sarcopterygii	NC_000011.10	110134205	110134386	182	*	42
sarcopterygii	NC_000011.10	113790542	113790598	57	*	16
sarcopterygii	NC_000011.10	114144274	114144442	169	*	19
sarcopterygii	NC_000011.10	114160204	114160243	40	*	16
sarcopterygii	NC_000011.10	114163112	114163151	40	*	18
sarcopterygii	NC_000011.10	114210481	114210601	121	*	24
sarcopterygii	NC_000011.10	123030354	123030487	134	*	21
sarcopterygii	NC_000011.10	128691182	128691251	70	*	14
sarcopterygii	NC_000011.10	131169215	131169398	184	*	17
sarcopterygii	NC_000011.10	133728241	133728359	119	*	15
sarcopterygii	NC_000011.10	134418511	134418636	126	*	15
sarcopterygii	NC_000012.12	19309914	19309985	72	*	29
sarcopterygii	NC_000012.12	22514283	22514311	29	*	15
sarcopterygii	NC_000012.12	24081920	24082024	105	*	17
sarcopterygii	NC_000012.12	24256409	24256463	55	*	15
sarcopterygii	NC_000012.12	41364429	41364501	73	*	22
sarcopterygii	NC_000012.12	41453615	41453761	147	*	53
sarcopterygii	NC_000012.12	42431842	42432061	220	*	20
sarcopterygii	NC_000012.12	42432672	42432801	130	*	23
sarcopterygii	NC_000012.12	53474784	53475095	312	*	80
sarcopterygii	NC_000012.12	65961538	65961662	125	*	19
sarcopterygii	NC_000012.12	75669803	75669851	49	*	14
sarcopterygii	NC_000012.12	78176920	78177076	157	*	16
sarcopterygii	NC_000012.12	80699200	80699248	49	*	14
sarcopterygii	NC_000012.12	80707546	80707611	66	*	16
sarcopterygii	NC_000012.12	89591732	89591792	61	*	14
sarcopterygii	NC_000012.12	96212141	96212225	85	*	19
sarcopterygii	NC_000012.12	102966587	102966731	145	*	23
sarcopterygii	NC_000012.12	103013009	103013119	111	*	19
sarcopterygii	NC_000012.12	108243971	108244063	93	*	32
sarcopterygii	NC_000012.12	111226623	111226728	106	*	16
sarcopterygii	NC_000012.12	130422652	130422700	49	*	15
sarcopterygii	NC_000012.12	130423847	130423890	44	*	16
sarcopterygii	NC_000013.11	18718801	18718843	43	*	14
sarcopterygii	NC_000013.11	20822546	20822716	171	*	29
sarcopterygii	NC_000013.11	20827268	20827342	75	*	15
sarcopterygii	NC_000013.11	31483386	31483480	95	*	18
sarcopterygii	NC_000013.11	35476701	35476752	52	*	16
sarcopterygii	NC_000013.11	35514205	35514271	67	*	26
sarcopterygii	NC_000013.11	35631719	35631987	269	*	53
sarcopterygii	NC_000013.11	43353629	43353780	152	*	16
sarcopterygii	NC_000013.11	58619037	58619162	126	*	22
sarcopterygii	NC_000013.11	62207269	62207327	59	*	16
sarcopterygii	NC_000013.11	62209931	62210004	74	*	21
sarcopterygii	NC_000013.11	66444243	66444377	135	*	16
sarcopterygii	NC_000013.11	71621769	71621935	167	*	33
sarcopterygii	NC_000013.11	72198875	72199027	153	*	21
sarcopterygii	NC_000013.11	78293645	78293739	95	*	23
sarcopterygii	NC_000013.11	79936921	79937011	91	*	18
sarcopterygii	NC_000013.11	87672849	87672906	58	*	18
sarcopterygii	NC_000013.11	89360993	89361095	103	*	20
sarcopterygii	NC_000013.11	94751312	94751384	73	*	17
sarcopterygii	NC_000013.11	94864728	94864795	68	*	22
sarcopterygii	NC_000013.11	94964093	94964283	191	*	25
sarcopterygii	NC_000013.11	95021989	95022107	119	*	18
sarcopterygii	NC_000013.11	95100929	95101011	83	*	15
sarcopterygii	NC_000013.11	97356514	97356574	61	*	28
sarcopterygii	NC_000013.11	98395605	98395633	29	*	15
sarcopterygii	NC_000013.11	98402902	98403073	172	*	22
sarcopterygii	NC_000013.11	100514076	100514236	161	*	42
sarcopterygii	NC_000013.11	100523627	100523715	89	*	23
sarcopterygii	NC_000013.11	106495166	106495254	89	*	16
sarcopterygii	NC_000013.11	111630203	111630307	105	*	22
sarcopterygii	NC_000014.9	18634126	18634189	64	*	18
sarcopterygii	NC_000014.9	19680871	19680932	62	*	18
sarcopterygii	NC_000014.9	30273565	30273617	53	*	15
sarcopterygii	NC_000014.9	32704059	32704182	124	*	17
sarcopterygii	NC_000014.9	33398890	33398958	69	*	18
sarcopterygii	NC_000014.9	33691027	33691142	116	*	23
sarcopterygii	NC_000014.9	35557483	35557554	72	*	18
sarcopterygii	NC_000014.9	36268082	36268128	47	*	16
sarcopterygii	NC_000014.9	36269518	36269628	111	*	17
sarcopterygii	NC_000014.9	36520855	36520977	123	*	18
sarcopterygii	NC_000014.9	36835074	36835406	333	*	44
sarcopterygii	NC_000014.9	44863048	44863079	32	*	14
sarcopterygii	NC_000014.9	55548574	55548641	68	*	15
sarcopterygii	NC_000014.9	56587874	56587969	96	*	26
sarcopterygii	NC_000014.9	60653094	60653173	80	*	19
sarcopterygii	NC_000014.9	60904339	60904679	341	*	50
sarcopterygii	NC_000014.9	63594134	63594171	38	*	14
sarcopterygii	NC_000014.9	74219619	74219745	127	*	18
sarcopterygii	NC_000014.9	76139115	76139259	145	*	17
sarcopterygii	NC_000014.9	89191534	89191580	47	*	16
sarcopterygii	NC_000014.9	96889899	96890029	131	*	27
sarcopterygii	NC_000014.9	97093040	97093107	68	*	14
sarcopterygii	NC_000014.9	97344945	97345032	88	*	15
sarcopterygii	NC_000014.9	97495977	97496268	292	*	20
sarcopterygii	NC_000014.9	98720116	98720185	70	*	16
sarcopterygii	NC_000014.9	98906600	98906673	74	*	17
sarcopterygii	NC_000015.10	35565769	35566000	232	*	60
sarcopterygii	NC_000015.10	36399917	36400172	256	*	27
sarcopterygii	NC_000015.10	36495949	36496017	69	*	19
sarcopterygii	NC_000015.10	36807216	36807373	158	*	21
sarcopterygii	NC_000015.10	37015667	37015762	96	*	15
sarcopterygii	NC_000015.10	37019783	37019962	180	*	30
sarcopterygii	NC_000015.10	37028981	37029074	94	*	15
sarcopterygii	NC_000015.10	37033468	37033620	153	*	16
sarcopterygii	NC_000015.10	37077626	37077702	77	*	19
sarcopterygii	NC_000015.10	37340432	37340483	52	*	20
sarcopterygii	NC_000015.10	37361180	37361259	80	*	17
sarcopterygii	NC_000015.10	37361502	37361569	68	*	16
sarcopterygii	NC_000015.10	37740515	37740640	126	*	25
sarcopterygii	NC_000015.10	39693017	39693226	210	*	19
sarcopterygii	NC_000015.10	46556726	46556785	60	*	17
sarcopterygii	NC_000015.10	52750116	52750200	85	*	20
sarcopterygii	NC_000015.10	52855306	52855448	143	*	18
sarcopterygii	NC_000015.10	53332045	53332094	50	*	14
sarcopterygii	NC_000015.10	55913137	55913215	79	*	17
sarcopterygii	NC_000015.10	57237428	57237519	92	*	21
sarcopterygii	NC_000015.10	57253771	57253838	68	*	27
sarcopterygii	NC_000015.10	58039401	58039609	209	*	32
sarcopterygii	NC_000015.10	58899015	58899078	64	*	19
sarcopterygii	NC_000015.10	59702757	59702941	185	*	41
sarcopterygii	NC_000015.10	59878345	59878532	188	*	30
sarcopterygii	NC_000015.10	59953528	59953758	231	*	30
sarcopterygii	NC_000015.10	60118405	60118438	34	*	14
sarcopterygii	NC_000015.10	60191222	60191317	96	*	23
sarcopterygii	NC_000015.10	67747801	67747867	67	*	22
sarcopterygii	NC_000015.10	70377068	70377308	241	*	37
sarcopterygii	NC_000015.10	82046037	82046162	126	*	31
sarcopterygii	NC_000015.10	83801647	83801699	53	*	15
sarcopterygii	NC_000015.10	84104713	84104813	101	*	17
sarcopterygii	NC_000015.10	94905306	94905459	154	*	32
sarcopterygii	NC_000015.10	94970645	94970799	155	*	41
sarcopterygii	NC_000015.10	96446619	96446655	37	*	16
sarcopterygii	NC_000015.10	96581607	96581723	117	*	26
sarcopterygii	NC_000015.10	96801781	96801849	69	*	16
sarcopterygii	NC_000015.10	96849361	96849416	56	*	15
sarcopterygii	NC_000015.10	97169028	97169128	101	*	16
sarcopterygii	NC_000016.10	7315841	7315949	109	*	18
sarcopterygii	NC_000016.10	7451794	7451936	143	*	25
sarcopterygii	NC_000016.10	16130443	16130488	46	*	15
sarcopterygii	NC_000016.10	26079221	26079344	124	*	15
sarcopterygii	NC_000016.10	48879973	48880044	72	*	17
sarcopterygii	NC_000016.10	49498791	49498879	89	*	22
sarcopterygii	NC_000016.10	49532685	49532843	159	*	19
sarcopterygii	NC_000016.10	49688135	49688245	111	*	15
sarcopterygii	NC_000016.10	49699261	49699320	60	*	25
sarcopterygii	NC_000016.10	50653158	50653299	142	*	19
sarcopterygii	NC_000016.10	50814801	50814847	47	*	15
sarcopterygii	NC_000016.10	50911006	50911033	28	*	15
sarcopterygii	NC_000016.10	50911535	50911631	97	*	17
sarcopterygii	NC_000016.10	50944058	50944102	45	*	14
sarcopterygii	NC_000016.10	51721431	51721529	99	*	16
sarcopterygii	NC_000016.10	51770928	51771007	80	*	29
sarcopterygii	NC_000016.10	52386483	52386638	156	*	37
sarcopterygii	NC_000016.10	52408283	52408351	69	*	15
sarcopterygii	NC_000016.10	54026868	54026977	110	*	19
sarcopterygii	NC_000016.10	54548498	54548595	98	*	19
sarcopterygii	NC_000016.10	54602786	54602867	82	*	14
sarcopterygii	NC_000016.10	54921582	54921624	43	*	14
sarcopterygii	NC_000016.10	55179804	55179927	124	*	23
sarcopterygii	NC_000016.10	55263178	55263265	88	*	15
sarcopterygii	NC_000016.10	55443889	55443963	75	*	22
sarcopterygii	NC_000016.10	58939769	58939858	90	*	21
sarcopterygii	NC_000016.10	60996451	60996554	104	*	15
sarcopterygii	NC_000016.10	62246110	62246200	91	*	17
sarcopterygii	NC_000016.10	62695145	62695285	141	*	30
sarcopterygii	NC_000016.10	72800332	72800454	123	*	20
sarcopterygii	NC_000016.10	73145472	73145534	63	*	16
sarcopterygii	NC_000016.10	73716763	73716819	57	*	21
sarcopterygii	NC_000016.10	73731380	73731444	65	*	21
sarcopterygii	NC_000016.10	74066755	74066877	123	*	21
sarcopterygii	NC_000016.10	78364442	78364538	97	*	30
sarcopterygii	NC_000016.10	78377262	78377532	271	*	56
sarcopterygii	NC_000016.10	79013989	79014048	60	*	18
sarcopterygii	NC_000016.10	79361442	79361491	50	*	14
sarcopterygii	NC_000016.10	80169987	80170020	34	*	14
sarcopterygii	NC_000016.10	83629431	83629470	40	*	14
sarcopterygii	NC_000016.10	88516609	88516673	65	*	16
sarcopterygii	NC_000017.11	31297295	31297365	71	*	15
sarcopterygii	NC_000017.11	35490698	35490807	110	*	31
sarcopterygii	NC_000017.11	36749723	36749875	153	*	45
sarcopterygii	NC_000017.11	42474941	42475083	143	*	19
sarcopterygii	NC_000017.11	45031787	45031956	170	*	16
sarcopterygii	NC_000017.11	48153309	48153375	67	*	18
sarcopterygii	NC_000017.11	48615650	48615791	142	*	28
sarcopterygii	NC_000017.11	55710503	55710695	193	*	39
sarcopterygii	NC_000017.11	57674513	57674547	35	*	21
sarcopterygii	NC_000017.11	60789441	60789619	179	*	35
sarcopterygii	NC_000017.11	61178453	61178539	87	*	23
sarcopterygii	NC_000017.11	61199948	61200001	54	*	18
sarcopterygii	NC_000017.11	61723416	61723466	51	*	16
sarcopterygii	NC_000017.11	64501455	64501492	38	*	20
sarcopterygii	NC_000017.11	69415119	69415161	43	*	15
sarcopterygii	NC_000017.11	69950381	69950537	157	*	16
sarcopterygii	NC_000017.11	71163178	71163284	107	*	23
sarcopterygii	NC_000017.11	79162497	79162559	63	*	17
sarcopterygii	NC_000018.10	8085560	8085623	64	*	18
sarcopterygii	NC_000018.10	8109374	8109426	53	*	14
sarcopterygii	NC_000018.10	20960647	20960745	99	*	23
sarcopterygii	NC_000018.10	21050421	21050604	184	*	20
sarcopterygii	NC_000018.10	22914793	22914898	106	*	22
sarcopterygii	NC_000018.10	25228509	25228543	35	*	15
sarcopterygii	NC_000018.10	25228606	25228681	76	*	15
sarcopterygii	NC_000018.10	44881509	44881572	64	*	14
sarcopterygii	NC_000018.10	47506921	47506949	29	*	15
sarcopterygii	NC_000018.10	47749085	47749179	95	*	29
sarcopterygii	NC_000018.10	48946585	48946744	160	*	21
sarcopterygii	NC_000018.10	56038585	56038669	85	*	18
sarcopterygii	NC_000018.10	56509650	56509776	127	*	21
sarcopterygii	NC_000018.10	74735626	74735652	27	*	14
sarcopterygii	NC_000018.10	74799004	74799185	182	*	64
sarcopterygii	NC_000018.10	75015657	75015929	273	*	33
sarcopterygii	NC_000018.10	75024990	75025070	81	*	16
sarcopterygii	NC_000018.10	75214571	75214632	62	*	20
sarcopterygii	NC_000018.10	77939958	77939987	30	*	14
sarcopterygii	NC_000018.10	78248057	78248181	125	*	35
sarcopterygii	NC_000018.10	78250134	78250263	130	*	35
sarcopterygii	NC_000018.10	78822791	78822904	114	*	15
sarcopterygii	NC_000018.10	78857667	78857740	74	*	20
sarcopterygii	NC_000018.10	78930802	78930958	157	*	26
sarcopterygii	NC_000018.10	79331242	79331432	191	*	42
sarcopterygii	NC_000018.10	79343117	79343247	131	*	34
sarcopterygii	NC_000018.10	79486000	79486118	119	*	20
sarcopterygii	NC_000019.10	1425274	1425359	86	*	29
sarcopterygii	NC_000019.10	1428627	1428708	82	*	15
sarcopterygii	NC_000019.10	30045995	30046224	230	*	47
sarcopterygii	NC_000019.10	30223920	30223973	54	*	18
sarcopterygii	NC_000019.10	30224497	30224616	120	*	38
sarcopterygii	NC_000019.10	30225875	30225961	87	*	21
sarcopterygii	NC_000019.10	30534583	30534657	75	*	17
sarcopterygii	NC_000019.10	30578038	30578154	117	*	40
sarcopterygii	NC_000019.10	30592051	30592156	106	*	22
sarcopterygii	NC_000019.10	30682941	30683100	160	*	33
sarcopterygii	NC_000019.10	31164884	31164941	58	*	17
sarcopterygii	NC_000019.10	31516567	31516649	83	*	18
sarcopterygii	NC_000019.10	31630864	31630973	110	*	21
sarcopterygii	NC_000019.10	32172261	32172324	64	*	22
sarcopterygii	NC_000019.10	33875290	33875396	107	*	26
sarcopterygii	NC_000020.11	5292050	5292123	74	*	22
sarcopterygii	NC_000020.11	10293363	10293388	26	*	14
sarcopterygii	NC_000020.11	10667812	10667980	169	*	41
sarcopterygii	NC_000020.11	11266616	11266646	31	*	14
sarcopterygii	NC_000020.11	16005381	16005474	94	*	15
sarcopterygii	NC_000020.11	20408533	20408656	124	*	24
sarcopterygii	NC_000020.11	20449128	20449227	100	*	17
sarcopterygii	NC_000020.11	20968361	20968480	120	*	15
sarcopterygii	NC_000020.11	21090875	21090927	53	*	18
sarcopterygii	NC_000020.11	44027054	44027256	203	*	19
sarcopterygii	NC_000020.11	44187260	44187301	42	*	15
sarcopterygii	NC_000020.11	52919078	52919323	246	*	18
sarcopterygii	NC_000020.11	53120520	53120831	312	*	55
sarcopterygii	NC_000021.9	13818686	13818728	43	*	15
sarcopterygii	NC_000021.9	14943664	14943767	104	*	23
sarcopterygii	NC_000021.9	16308352	16308498	147	*	24
sarcopterygii	NC_000021.9	23102970	23103103	134	*	24
sarcopterygii	NC_000021.9	35922768	35922869	102	*	15
sarcopterygii	NC_000021.9	38675654	38675703	50	*	16
sarcopterygii	NC_000021.9	44676426	44676480	55	*	14
sarcopterygii	NC_000022.11	15561183	15561246	64	*	19
sarcopterygii	NC_000022.11	15561629	15561688	60	*	15
sarcopterygii	NC_000022.11	17812492	17812551	60	*	15
sarcopterygii	NC_000022.11	22340839	22340928	90	*	16
sarcopterygii	NC_000022.11	22367397	22367486	90	*	18
sarcopterygii	NC_000022.11	22447973	22448052	80	*	15
sarcopterygii	NC_000022.11	23928338	23928512	175	*	18
sarcopterygii	NC_000022.11	27462734	27462819	86	*	19
sarcopterygii	NC_000023.11	638171	638243	73	*	17
sarcopterygii	NC_000023.11	874159	874238	80	*	26
sarcopterygii	NC_000023.11	968733	968805	73	*	20
sarcopterygii	NC_000023.11	973268	973308	41	*	14
sarcopterygii	NC_000023.11	5305925	5305965	41	*	15
sarcopterygii	NC_000023.11	9578592	9578752	161	*	16
sarcopterygii	NC_000023.11	17720024	17720088	65	*	14
sarcopterygii	NC_000023.11	24999919	24999992	74	*	15
sarcopterygii	NC_000023.11	25029603	25029771	169	*	17
sarcopterygii	NC_000023.11	27519508	27519632	125	*	21
sarcopterygii	NC_000023.11	27519685	27519767	83	*	23
sarcopterygii	NC_000023.11	32308363	32308455	93	*	19
sarcopterygii	NC_000023.11	49665154	49665184	31	*	14
sarcopterygii	NC_000023.11	50127645	50127714	70	*	21
sarcopterygii	NC_000023.11	51920967	51921041	75	*	16
sarcopterygii	NC_000023.11	64044560	64044822	263	*	26
sarcopterygii	NC_000023.11	71043320	71043389	70	*	16
sarcopterygii	NC_000023.11	71044754	71044842	89	*	20
sarcopterygii	NC_000023.11	71545313	71545389	77	*	26
sarcopterygii	NC_000023.11	74187117	74187154	38	*	18
sarcopterygii	NC_000023.11	77673927	77673982	56	*	17
sarcopterygii	NC_000023.11	77675990	77676017	28	*	14
sarcopterygii	NC_000023.11	86329319	86329411	93	*	22
sarcopterygii	NC_000023.11	86389953	86390000	48	*	16
sarcopterygii	NC_000023.11	86829918	86830316	399	*	87
sarcopterygii	NC_000023.11	90040032	90040138	107	*	19
sarcopterygii	NC_000023.11	93594559	93594587	29	*	16
sarcopterygii	NC_000023.11	100957063	100957115	53	*	16
sarcopterygii	NC_000023.11	105141014	105141146	133	*	16
sarcopterygii	NC_000023.11	132440445	132440497	53	*	22
sarcopterygii	NC_000023.11	137661832	137661932	101	*	16
sarcopterygii	NC_000023.11	137747721	137747914	194	*	37
sarcopterygii	NC_000023.11	148909894	148910021	128	*	23
sarcopterygii	NC_000024.10	5092713	5093028	316	*	22
sarcopterygii	NC_000024.10	17756421	17756462	42	*	19
sarcopterygii	NC_000024.10	18149547	18149588	42	*	19
sarcopterygii	NC_000024.10	25404728	25404811	84	*	15
sarcopterygii	NT_187383.1	1780445	1780485	41	*	14
sarcopterygii	NT_187383.1	1785078	1785149	72	*	16
sarcopterygii	NT_187386.1	141171	141242	72	*	14
sarcopterygii	NT_187499.1	64447	64533	87	*	18
sarcopterygii	NT_187556.1	556195	556302	108	*	16
sarcopterygii	NT_187614.1	933914	934023	110	*	30
sarcopterygii	NT_187628.1	152676	152748	73	*	18
sarcopterygii	NT_187633.1	163452	163636	185	*	18
sarcopterygii	NT_187666.1	64422	64500	79	*	17
sarcopterygii	NW_003315931.1	1627	1766	140	*	17
sarcopterygii	NW_003315961.1	10594	10626	33	*	14
sarcopterygii	NW_003315961.1	64423	64501	79	*	17
sarcopterygii	NW_003571036.1	208051	208132	82	*	15
sarcopterygii	NW_009646194.1	136333	136408	76	*	15
sarcopterygii	NW_011332699.1	277962	278094	133	*	22
sarcopterygii	NW_018654714.1	164634	164913	280	*	32
sarcopterygii	NW_021159996.1	85308	85389	82	*	21
sarcopterygii	NW_025791761.1	154596	154742	147	*	26
sarcopterygii	NW_025791761.1	510912	511112	201	*	29
sarcopterygii	NW_025791762.1	457828	457936	109	*	16
sarcopterygii	NW_025791797.1	407441	407493	53	*	15
sarcopterygii	NW_025791814.1	485597	485674	78	*	18
