id	description	genome_fraction	observed_region_hits	fold_enrichment	p_value	p_adjust	mean_tss_dist	observed_gene_hits	gene_set_size	fold_enrichment_hyper	p_value_hyper	p_adjust_hyper
GO:0030900	forebrain development	0.013959240163263	45	5.14963444892517	1.32166348535674e-18	6.92551666326933e-16	114031	25	170	8.92414860681114	1.13288729780409e-16	5.93632944049344e-14
GO:0021536	diencephalon development	0.00702798554861672	32	7.27352247795688	1.14354370849893e-17	2.9960845162672e-15	85728	19	89	12.9550561797753	4.14365389092699e-16	1.08563731942287e-13
GO:0071599	otic vesicle development	0.00440824849245471	23	8.33465130661198	2.77415994083616e-14	4.8455326966605e-12	105115	8	59	8.22836752899197	5.55033475431076e-06	8.55404532723188e-05
GO:0035270	endocrine system development	0.00724312616736308	25	5.51365547329142	1.55990279059188e-11	2.04347265567536e-09	56104	15	123	7.400513478819	2.1343182646266e-09	1.59768967237763e-07
GO:0001708	cell fate specification	0.00905565002284117	27	4.76288177066756	6.1294760046112e-11	6.42369085283253e-09	41619	15	136	6.69311145510836	8.63520372389908e-09	4.52484675132312e-07
GO:0045165	cell fate commitment	0.01383393024696	33	3.81060580840076	1.44404532769076e-10	1.2611329195166e-08	46788	18	206	5.30250383239653	1.2076841981981e-08	5.48651510955742e-07
GO:0048839	inner ear development	0.0140278663030631	32	3.64404748079596	8.0624179639784e-10	6.03529573303526e-08	98099	14	207	4.10424612255276	1.01663371191378e-05	0.000140436108969212
GO:0043583	ear development	0.0141657673990718	32	3.60857336016749	1.01809202903788e-09	6.66850279019812e-08	98099	14	209	4.06497104004029	1.13361810361556e-05	0.000152311765716553
GO:0071600	otic vesicle morphogenesis	0.00299481713166816	15	8.00104323181362	1.4483176690515e-09	8.43242731758875e-08	102236	6	35	10.403007518797	2.1227848959106e-05	0.000231737351136908
GO:0048732	gland development	0.0163299842594516	34	3.32597375347117	2.3265152404412e-09	1.21909398599119e-07	45846	19	275	4.19272727272727	2.03744141406564e-07	7.1174620064693e-06
GO:0045892	negative regulation of DNA-templated transcription	0.0236510270653999	42	2.83677539971789	3.15782455749447e-09	1.37891672343925e-07	104470	30	438	4.15645277577505	8.15661553119909e-11	1.06851663458708e-08
GO:1902679	negative regulation of RNA biosynthetic process	0.0236510270653999	42	2.83677539971789	3.15782455749447e-09	1.37891672343925e-07	104470	30	438	4.15645277577505	8.15661553119909e-11	1.06851663458708e-08
GO:0042472	inner ear morphogenesis	0.00783192498735874	22	4.48724547601969	1.0327720548504e-08	4.1628658210893e-07	101616	10	107	5.6714215445155	1.1661826249164e-05	0.000152769923864048
GO:0042471	ear morphogenesis	0.00790710210219374	22	4.44458279580086	1.22031822827935e-08	4.56747679727414e-07	101616	10	108	5.61890838206628	1.26638287577795e-05	0.000157996339739916
GO:0071696	ectodermal placode development	0.00358454707223301	15	6.68471102736169	1.53416534681859e-08	5.35935094488627e-07	58207	7	44	9.65430622009569	7.25124075119689e-06	0.000105545837600755
GO:0060788	ectodermal placode formation	0.00274455966992848	13	7.56652274332969	3.39168169547283e-08	1.11077575526735e-06	64250	6	31	11.7453310696095	1.01842979786833e-05	0.000140436108969212
GO:0030855	epithelial cell differentiation	0.0229427859762165	39	2.71546444069177	3.63624971213627e-08	1.12082049950553e-06	81496	20	348	3.4875983061101	1.78473472158441e-06	3.59692690042396e-05
GO:0048562	embryonic organ morphogenesis	0.0319059858729228	48	2.40322667349397	3.93500233310854e-08	1.14552290141604e-06	78127	30	487	3.73824705500919	1.02094734644219e-09	9.3543684891245e-08
GO:0090596	sensory organ morphogenesis	0.025008961845665	41	2.61886951053446	4.26268095696902e-08	1.17560253760619e-06	81137	25	367	4.13380180696974	3.38858323833426e-09	2.21545175264879e-07
GO:0051253	negative regulation of RNA metabolic process	0.0262402897670403	42	2.55685635916497	5.55383094742839e-08	1.45510370822624e-06	104470	30	488	3.73058671268335	1.07111089570128e-09	9.3543684891245e-08
GO:0043049	otic placode formation	0.00242609227721242	12	7.90131902794232	7.18005090427233e-08	1.78433898111974e-06	69578	5	24	12.6425438596491	3.93370355696455e-05	0.000349366214211767
GO:0021903	rostrocaudal neural tube patterning	0.00465883933539151	16	5.48615300749838	7.49637661475159e-08	1.78433898111974e-06	44958	5	53	5.72492552135055	0.00179225348203112	0.00728016143088608
GO:0045944	positive regulation of transcription by RNA polymerase II	0.0255925156062054	41	2.55915474178127	7.8320222453729e-08	1.78433898111974e-06	109611	27	426	3.8461823573017	3.8051652240151e-09	2.21545175264879e-07
GO:0071697	ectodermal placode morphogenesis	0.00296968791998395	13	6.99291431372072	8.3219333701872e-08	1.81695545249087e-06	64250	6	36	10.1140350877193	2.51192213685085e-05	0.000258087686217616
GO:0030901	midbrain development	0.00301139162998368	13	6.89607188788389	9.74361066873278e-08	2.04226079616639e-06	45721	5	40	7.58552631578947	0.000489896605351443	0.00249633133520733
GO:0072006	nephron development	0.00899251742537617	22	3.9081125235163	1.10681703699191e-07	2.23066202839908e-06	116677	10	115	5.27688787185355	2.19897510105348e-05	0.000235155704684087
GO:0060993	kidney morphogenesis	0.00315042746447698	13	6.59173188308492	1.61966635056625e-07	3.13037921308304e-06	167241	4	49	4.95381310418904	0.00862477064157617	0.0242977409472361
GO:0009952	anterior/posterior pattern specification	0.015907680012632	30	3.01259031145026	1.6727217169146e-07	3.13037921308304e-06	40031	17	272	3.79276315789474	3.44834529652153e-06	5.82881592057188e-05
GO:0030916	otic vesicle formation	0.00268050492488719	12	7.1513873731417	2.05903079617194e-07	3.72045564549688e-06	69578	5	28	10.8364661654135	8.61298470041659e-05	0.000626833886530319
GO:0021538	epithalamus development	0.00173325919726973	10	9.21641778663685	2.20370971325869e-07	3.84914629915852e-06	31745	4	22	11.0334928229665	0.000422682538372152	0.00226005765415314
GO:0060839	endothelial cell fate commitment	0.000991036003577618	8	12.8951447470335	3.02396324202131e-07	5.11147335102957e-06	37972	2	10	12.1368421052632	0.0111798614324969	0.0292912369531419
GO:0021532	neural tube patterning	0.00526444250036654	16	4.85504503649348	3.75053425678865e-07	6.10075499440408e-06	44958	5	61	4.97411561691113	0.00333640734602262	0.0116699937991753
GO:0060070	canonical Wnt signaling pathway	0.012158172749006	25	3.28471251896686	3.8420785270102e-07	6.10075499440408e-06	49620	13	198	3.98431685273791	2.85153434303696e-05	0.000276704443657661
GO:0021983	pituitary gland development	0.00154661956484096	9	9.29575516302887	8.26438970008871e-07	1.27368829495485e-05	96282	6	19	19.1634349030471	4.44194884244014e-07	1.29310066302146e-05
GO:0072148	epithelial cell fate commitment	0.00118785100993582	8	10.7585485121955	1.15697971045252e-06	1.7321639093632e-05	37972	2	15	8.09122807017544	0.0247068225154019	0.0550909574385982
GO:0016055	Wnt signaling pathway	0.0194880739696206	32	2.6230509460456	1.27126997331324e-06	1.85040407226705e-05	62852	20	309	3.92778061659002	2.80131355760718e-07	8.63463708344801e-06
GO:0045743	positive regulation of fibroblast growth factor receptor signaling pathway	0.00126797569500051	8	10.0787047938248	1.8670305259365e-06	2.64411890700196e-05	239168	3	17	10.7089783281734	0.00255140818587953	0.00934921600979633
GO:0035775	pronephric glomerulus morphogenesis	0.00130181630231376	8	9.81670969470997	2.26284338000777e-06	3.12034192401071e-05	44387	4	14	17.3383458646617	6.42356465709566e-05	0.000480849697188304
GO:0000122	negative regulation of transcription by RNA polymerase II	0.0163979498489295	28	2.7276845530609	2.83799595603739e-06	3.813102258881e-05	132900	18	291	3.75366250678242	2.0777895746611e-06	3.88843477543721e-05
GO:0021549	cerebellum development	0.00347477147730125	12	5.51671648012107	2.96757068784036e-06	3.88751760107088e-05	58598	6	53	6.86991062562066	0.000233507258329274	0.00143950356899458
GO:0030902	hindbrain development	0.0111508431708131	22	3.15166928901292	3.63495650258033e-06	4.645651725249e-05	50414	13	154	5.12269309637731	1.86798010940642e-06	3.62526510121839e-05
GO:0031076	embryonic camera-type eye development	0.00577760244150885	15	4.14733647467709	5.67995761151421e-06	7.08642330579392e-05	66944	8	60	8.09122807017544	6.31216957425264e-06	9.45021959116682e-05
GO:0072009	nephron epithelium development	0.00586455764484823	15	4.08584292165707	6.76478446135584e-06	8.243597808722e-05	150806	7	71	5.98295033358043	0.000171345973485157	0.00108175048320749
GO:0030917	midbrain-hindbrain boundary development	0.00329350390668856	11	5.33531627162791	1.03553266511327e-05	0.000123322526481671	51834	4	45	5.39415204678363	0.00638584526882764	0.0186937593344452
GO:0021915	neural tube development	0.00933571024509671	19	3.25111179576526	1.07980477962306e-05	0.000125737267671663	37526	9	118	4.62845673505798	0.000155144566755346	0.00101619691224752
GO:0072102	glomerulus morphogenesis	0.00164716333055646	8	7.75852186518604	1.23181246588745e-05	0.000140319506983701	44387	4	17	14.2786377708978	0.000146830594912022	0.00098084463819872
GO:0009880	embryonic pattern specification	0.00405219323255137	12	4.73060586536069	1.35840608141625e-05	0.000151447826949386	46628	5	79	3.84077281812125	0.00993559017243644	0.0269753847168741
GO:0072028	nephron morphogenesis	0.00170513576688346	8	7.49474203981578	1.5741412159677e-05	0.000171843749409808	240656	3	21	8.66917293233083	0.00475200521228176	0.0143933568279517
GO:0001822	kidney development	0.0151745713090184	25	2.63177795426005	1.72269191448087e-05	0.000184043632301349	106285	12	238	3.05970809376382	0.000655643819369147	0.00321081646120965
GO:0021984	adenohypophysis development	0.00125556190446186	7	8.9060591807226	1.80714977076187e-05	0.000184043632301349	112062	4	16	15.1710526315789	0.000113764980019571	0.000805579047706148
GO:0072001	renal system development	0.015242887535449	25	2.61998273906739	1.85313997141225e-05	0.000184043632301349	106285	12	240	3.03421052631579	0.000705478661804477	0.00339147540170226
GO:0039019	pronephric nephron development	0.00418477748516173	12	4.58072839988566	1.85604545254673e-05	0.000184043632301349	44641	6	51	7.13931888544892	0.000188354441418722	0.00117497294408822
GO:0030111	regulation of Wnt signaling pathway	0.0124120194078989	22	2.83143047179623	1.8615100213686e-05	0.000184043632301349	71899	15	195	4.66801619433198	1.0069691145763e-06	2.51262769541897e-05
GO:0007156	homophilic cell adhesion via plasma membrane adhesion molecules	0.0144085317215239	24	2.66083032525052	2.12509727977122e-05	0.000206213143444467	19979	16	161	6.03072899640405	1.25645384188338e-08	5.48651510955742e-07
GO:0060562	epithelial tube morphogenesis	0.0173969649138709	27	2.47922500441134	2.25035698108377e-05	0.000214397646925072	69111	18	279	3.9151103565365	1.14191864923118e-06	2.60158857477016e-05
GO:0022037	metencephalon development	0.00500244008117312	13	4.15132871677881	2.32683764180683e-05	0.000217725522197639	54710	7	69	6.15636918382914	0.000143009169077666	0.00098084463819872
GO:0061061	muscle structure development	0.0280075345199699	37	2.11034038957485	2.48831061439174e-05	0.000226946668803844	91908	25	455	3.3342972816657	2.21637926732576e-07	7.25864210049187e-06
GO:0048596	embryonic camera-type eye morphogenesis	0.00504021293005983	13	4.12021742952292	2.5120051127143e-05	0.000226946668803844	63478	7	50	8.49578947368421	1.73495474258361e-05	0.000197633975024742
GO:0044093	positive regulation of molecular function	0.00507934208133233	13	4.08847697800501	2.71728951782221e-05	0.000241332153786244	92969	6	89	4.09107037256062	0.00359118089445393	0.0122193427837264
GO:0072088	nephron epithelium morphogenesis	0.00134330051910296	7	8.32435368495603	2.76645247575156e-05	0.000241603516215636	270894	2	17	7.13931888544892	0.0313166470581456	0.066169044590598
GO:0072073	kidney epithelium development	0.00669121117972848	15	3.5810648772298	3.06220491613158e-05	0.000263048422303762	150806	7	83	5.11794546607483	0.000451322260210034	0.00238881681161675
GO:0060041	retina development in camera-type eye	0.0208340015049476	30	2.30024571479105	3.18280709281803e-05	0.000268998534941395	70031	19	316	3.64873417721519	1.66009206708141e-06	3.47955297260263e-05
GO:0048066	developmental pigmentation	0.0061056543710845	14	3.66286984050553	4.39507595571717e-05	0.000361504933904707	40846	10	92	6.59610983981693	2.98583875718952e-06	5.21526502922435e-05
GO:0072175	epithelial tube formation	0.00610831313789878	14	3.66127550233767	4.41532743700405e-05	0.000361504933904707	55946	8	74	6.56045519203414	3.03682470931683e-05	0.000289326572305821
GO:0061386	closure of optic fissure	0.0032268732224596	10	4.950439572086	4.81885896977509e-05	0.000388474169255715	67155	5	26	11.67004048583	5.92405694356458e-05	0.000449884904119977
GO:0035118	embryonic pectoral fin morphogenesis	0.00325412627253622	10	4.90898003233244	5.16340911737637e-05	0.000409943390531093	209229	4	34	7.13931888544892	0.00229178127628649	0.00870212600560957
GO:0048592	eye morphogenesis	0.0185819804580556	27	2.32111913542764	6.73906965548352e-05	0.000524450647664069	59706	18	271	4.03068557001359	7.51398917936898e-07	1.96866516499467e-05
GO:0021575	hindbrain morphogenesis	0.0027106769585717	9	5.30383997239098	6.80584809945738e-05	0.000524450647664069	47554	4	42	5.77944862155388	0.00498672612578514	0.0150174970684564
GO:0060828	regulation of canonical Wnt signaling pathway	0.00806136303491898	16	3.17056871407439	6.99539719017648e-05	0.000527709186031353	52503	9	133	4.10645033636723	0.000379820477248479	0.0020888772083622
GO:0035148	tube formation	0.006387139918748	14	3.50144470559523	7.04955019507533e-05	0.000527709186031353	55946	8	81	5.99350227420403	5.85835030616227e-05	0.000449884904119977
GO:0051090	regulation of DNA-binding transcription factor activity	0.00157467466243528	7	7.10121836145163	7.43507084489678e-05	0.000548729172214917	46577	5	25	12.1368421052632	4.85050776862288e-05	0.000416666568976785
GO:0060173	limb development	0.00646894255348183	14	3.45716739134728	8.04529480578794e-05	0.000585518677532345	175275	7	90	4.71988304093567	0.000735674647514197	0.003504486502704
GO:0035850	epithelial cell differentiation involved in kidney development	0.00425721024463494	11	4.12755865326833	0.000102006848037096	0.000725908949623478	195399	5	51	5.94943240454076	0.0015071995137108	0.00647354545233161
GO:0061005	cell differentiation involved in kidney development	0.00426534736871946	11	4.11968439262216	0.000103703037736433	0.000725908949623478	195399	5	52	5.83502024291498	0.00164520195149321	0.00678807734316884
GO:0021772	olfactory bulb development	0.00166655189748616	7	6.70972721765538	0.000105284504143863	0.000725908949623478	270894	2	11	11.0334928229665	0.0135161774150047	0.0337260807879165
GO:0021988	olfactory lobe development	0.00166655189748616	7	6.70972721765538	0.000105284504143863	0.000725908949623478	270894	2	11	11.0334928229665	0.0135161774150047	0.0337260807879165
GO:0051091	positive regulation of DNA-binding transcription factor activity	0.00117360672884902	6	8.16684524818726	0.000114720580698744	0.000780695899820027	50981	4	17	14.2786377708978	0.000146830594912022	0.00098084463819872
GO:0060729	intestinal epithelial structure maintenance	0.000735949000976169	5	10.852953719198	0.000116531698803598	0.00078285397657802	29832	1	11	5.51674641148325	0.167061097028633	0.255964955681298
GO:0048048	embryonic eye morphogenesis	0.00589686870199003	13	3.52166110734857	0.000119553860003377	0.000792990160022402	63478	7	60	7.07982456140351	5.81765638151593e-05	0.000449884904119977
GO:0060900	embryonic camera-type eye formation	0.00438637716741729	11	4.00601323446427	0.000131920286464884	0.000864077876344993	61077	6	41	8.8806161745828	5.40692362403051e-05	0.000442952315542338
GO:0033339	pectoral fin development	0.00597065224200726	13	3.47814146950849	0.000134841017544642	0.000872304854239411	188067	6	81	4.49512670565302	0.00223925672910388	0.00862772445625318
GO:0030277	maintenance of gastrointestinal epithelium	0.000762839680186355	5	10.4703788420303	0.000137528940470338	0.000878843473249475	29832	1	12	5.05701754385965	0.180789935870782	0.271722804830978
GO:0050931	pigment cell differentiation	0.00442393121332369	11	3.97200682757086	0.000141904879461525	0.000895881407684806	40922	8	66	7.35566188197767	1.29912189723185e-05	0.000158311598639416
GO:0048593	camera-type eye morphogenesis	0.0163842984756032	24	2.3399633621209	0.000149317828417697	0.000931458834415156	64286	16	223	4.35402407363701	1.11831269257561e-06	2.60158857477016e-05
GO:0060537	muscle tissue development	0.0164013423304696	24	2.33753173212788	0.000151601492595854	0.000934578613179149	90541	16	276	3.51792524790236	1.69098476396948e-05	0.000196905781404446
GO:0098742	cell-cell adhesion via plasma-membrane adhesion molecules	0.0174870151095247	25	2.28375751872426	0.000158122570310488	0.000963444498170879	21618	17	193	5.34524134169621	2.71420047665032e-08	1.09403157674213e-06
GO:0014032	neural crest cell development	0.0124534711838677	20	2.56545996834394	0.000162330382651223	0.000966603642150462	48082	10	155	3.9151103565365	0.000268962343791821	0.00160154850166948
GO:0048864	stem cell development	0.0124534711838677	20	2.56545996834394	0.000162330382651223	0.000966603642150462	48082	10	155	3.9151103565365	0.000268962343791821	0.00160154850166948
GO:0002072	optic cup morphogenesis involved in camera-type eye development	0.00378628963214447	10	4.21902243266085	0.000175130342477654	0.0010311044882954	67155	5	31	9.78777589134126	0.00014294632265567	0.00098084463819872
GO:0008283	cell population proliferation	0.0275030845939962	34	1.97480027579852	0.000181588902414307	0.00105725094294552	49959	22	465	2.87108092812677	1.26097292823568e-05	0.000157996339739916
GO:0035138	pectoral fin morphogenesis	0.00383801479473417	10	4.16216240658737	0.000194952752011095	0.00112258507751444	209229	4	41	5.9204107830552	0.0045705049949676	0.0140879095139001
GO:0021537	telencephalon development	0.00314891724075173	9	4.56569535046899	0.000206369810008797	0.00117541065700663	216319	4	36	6.74269005847953	0.00283634372909813	0.0101797542058043
GO:0048793	pronephros development	0.00982717279921747	17	2.763414267319	0.000212392814325029	0.00119670790006791	41988	9	155	3.52359932088285	0.00114050213330276	0.00516793893198206
GO:0021555	midbrain-hindbrain boundary morphogenesis	0.00084478174142498	5	9.45477400329638	0.000219659489825592	0.00122448481562351	54198	2	12	10.1140350877193	0.0160438697650031	0.0383880719491398
GO:0035113	embryonic appendage morphogenesis	0.00390429139085936	10	4.09150836742558	0.000223076122644671	0.00123044092911376	209229	4	41	5.9204107830552	0.0045705049949676	0.0140879095139001
GO:0039021	pronephric glomerulus development	0.00252285703246369	8	5.06550809309043	0.000232160636971372	0.00126721014346874	44387	4	31	7.830220713073	0.00161674934635793	0.00678807734316884
GO:0014706	striated muscle tissue development	0.016047150692165	23	2.28957867738145	0.00027546107867315	0.00148805778582197	93866	15	266	3.4220419469727	4.21867437586887e-05	0.000368430895492548
GO:0021587	cerebellum morphogenesis	0.00201769824005222	7	5.54201238035905	0.000332909448596222	0.00178004643943286	60280	3	28	6.50187969924812	0.0107489937582174	0.0287371057617648
GO:0098900	regulation of action potential	0.000938656502737675	5	8.50920483050925	0.000354599845560557	0.00185890515421608	103109	3	10	18.2052631578947	0.000490691083065563	0.00249633133520733
GO:0048863	stem cell differentiation	0.0206513714198771	27	2.0885291121064	0.000354752892025969	0.00185890515421608	45477	15	282	3.22788353863382	8.14974175832072e-05	0.000601473898783106
GO:0021986	habenula development	0.00147525459152084	6	6.49695624865699	0.000386457373960756	0.002004986771836	31954	2	19	6.38781163434903	0.0385361566098663	0.0779650427164863
GO:0014033	neural crest cell differentiation	0.0144328098793447	21	2.32431010725109	0.000412126060614502	0.00209917391000374	49930	11	174	3.83635813672111	0.000161301638684684	0.00104348220581203
GO:0043473	pigmentation	0.00946499657770742	16	2.70038189887024	0.00041262387925646	0.00209917391000374	40250	12	160	4.55131578947368	1.5448820008861e-05	0.000183981401923708
GO:0015868	purine ribonucleotide transport	0.00097576258923015	5	8.18561864888266	0.000422380497600441	0.00212814789175607	82346	2	28	4.33458646616541	0.0773686807653513	0.137895199731443
GO:0015865	purine nucleotide transport	0.000988663682305372	5	8.07880433987389	0.000448093274063362	0.00221510260008681	82346	2	30	4.04561403508772	0.087166592095563	0.15174516364809
GO:0051503	adenine nucleotide transport	0.000988663682305372	5	8.07880433987389	0.000448093274063362	0.00221510260008681	82346	2	30	4.04561403508772	0.087166592095563	0.15174516364809
GO:0040036	regulation of fibroblast growth factor receptor signaling pathway	0.00279461240469082	8	4.5729249230427	0.000454542127662095	0.0022259820083639	239168	3	40	4.55131578947368	0.0280472524744626	0.060982407869786
GO:0007422	peripheral nervous system development	0.00429400227637651	10	3.72017522730535	0.000466317360139019	0.00226250274734116	44840	5	65	4.66801619433198	0.00439027661480646	0.0140274691838938
GO:0060485	mesenchyme development	0.0200244139123008	26	2.07414541607957	0.000500782233691815	0.00240743018765606	47168	15	263	3.46107664598759	3.70586869742983e-05	0.000334806068526419
GO:0071363	cellular response to growth factor stimulus	0.0212366190053818	27	2.03097255756226	0.000539063271907228	0.00256790140435807	108435	17	318	3.24412446209864	2.63328604833989e-05	0.000265354209486558
GO:0070848	response to growth factor	0.0213741729155889	27	2.01790219372084	0.000592995191850782	0.00279936468945775	108435	17	320	3.22384868421053	2.84982941894304e-05	0.000276704443657661
GO:0001755	neural crest cell migration	0.00983931601950918	16	2.59765062740457	0.000621410301528657	0.00290731248215193	50328	7	115	3.69382151029748	0.00303512104028116	0.010745969088563
GO:0007517	muscle organ development	0.0129599641912978	19	2.34193839208757	0.000697178056110424	0.00323293187081294	97338	12	230	3.16613272311213	0.000484741105529719	0.00249633133520733
GO:0033333	fin development	0.00908310462014254	15	2.63804748970039	0.000778864193549506	0.00358004243350825	164283	8	127	3.82262743472855	0.00126184832590842	0.0055563741409749
GO:0033334	fin morphogenesis	0.0063119434774668	12	3.03699314512489	0.000786628639840786	0.00358429049805715	182319	6	76	4.79085872576177	0.00161622290712059	0.00678807734316884
GO:0042692	muscle cell differentiation	0.019596703092154	25	2.03789903070028	0.000813508428738358	0.00367481393671465	60751	19	324	3.55864197530864	2.39551110990101e-06	4.32844076409699e-05
GO:0031016	pancreas development	0.0091415132819697	15	2.62119198460433	0.000829801824693075	0.0037163774028989	26181	10	167	3.63378506145604	0.000486177074803353	0.00249633133520733
GO:0032330	regulation of chondrocyte differentiation	0.00171687658295587	6	5.58261708027942	0.000846372914914687	0.00373060029087599	102364	2	20	6.06842105263158	0.0423598181962629	0.0834456568979013
GO:0021854	hypothalamus development	0.00236856849052958	7	4.72104086113969	0.000848742269852437	0.00373060029087599	196879	4	28	8.66917293233083	0.00109396665573418	0.0050284081368834
GO:0090497	mesenchymal cell migration	0.0101460370743111	16	2.51912202213646	0.000854335944475418	0.00373060029087599	50328	7	117	3.63067926225821	0.0033406470799166	0.0116699937991753
GO:0033993	response to lipid	0.00918961611635552	15	2.6074714153953	0.000873845872730466	0.00378425815959309	107550	6	185	1.96813655761024	0.0868227517281914	0.15174516364809
GO:0035107	appendage morphogenesis	0.00641817612067018	12	2.98672531153302	0.000906092151989398	0.00389174006264299	182319	6	79	4.6089273817455	0.00197154536980523	0.00780849530329289
GO:0045446	endothelial cell differentiation	0.00469750120080387	10	3.40062518596803	0.000917681647275444	0.0039094730339214	31240	4	59	4.11418376449599	0.016296462645668	0.0386395765897286
GO:0021761	limbic system development	0.00240638413369004	7	4.64685104495391	0.000929438076674545	0.00391250067408088	196879	4	29	8.37023593466425	0.00125257479808088	0.0055563741409749
GO:0008543	fibroblast growth factor receptor signaling pathway	0.00555806574647999	11	3.16151081788734	0.000933325542481126	0.00391250067408088	197881	6	81	4.49512670565302	0.00223925672910388	0.00862772445625318
GO:0030878	thyroid gland development	0.00116968277003822	5	6.82853560972207	0.000947181225024892	0.00391483421635606	49777	1	19	3.19390581717452	0.270767367666008	0.347750246708305
GO:0003205	cardiac chamber development	0.00390512035735571	9	3.68157585156914	0.000948824323429808	0.00391483421635606	171436	4	55	4.4133971291866	0.0128536009572144	0.0323811870268287
GO:0048665	neuron fate specification	0.00241969246259611	7	4.62129332510326	0.000959230646550489	0.00392685045931606	32255	6	35	10.403007518797	2.1227848959106e-05	0.000231737351136908
GO:0021548	pons development	0.00176328835329834	6	5.43567620055592	0.000969538998274742	0.00393828244260438	42823	2	18	6.74269005847953	0.0348531747893367	0.0719018251559544
GO:0021515	cell differentiation in spinal cord	0.0047462066061733	10	3.36572808983727	0.00099063379902663	0.00399041197575966	46738	9	65	8.40242914979757	1.20248595974855e-06	2.62542767878433e-05
GO:0044344	cellular response to fibroblast growth factor stimulus	0.00561036587084443	11	3.13203904853014	0.00100521828396999	0.00399041197575966	197881	6	82	4.4403080872914	0.0023829497080854	0.00891904033597677
GO:0071774	response to fibroblast growth factor	0.00561036587084443	11	3.13203904853014	0.00100521828396999	0.00399041197575966	197881	6	82	4.4403080872914	0.0023829497080854	0.00891904033597677
GO:0021522	spinal cord motor neuron differentiation	0.00178764243644349	6	5.36162285104948	0.00103944330984625	0.0040952503335296	35191	5	36	8.42836257309941	0.000296326792049427	0.00174466560712247
GO:0060113	inner ear receptor cell differentiation	0.00396906466556152	9	3.62226318201794	0.00106071944024677	0.00414788796036795	39497	4	57	4.25854108956602	0.0145104848991978	0.035530346201774
GO:0006862	nucleotide transport	0.00121574252296758	5	6.56982896986103	0.00112236209915778	0.00435642770339759	82346	2	35	3.46766917293233	0.113101549223963	0.18814352950272
GO:0048736	appendage development	0.0094584856360254	15	2.53335071426107	0.00115818102319086	0.00446240335405889	164283	8	134	3.6229379418696	0.00177526861139484	0.00726750587789764
GO:0035051	cardiocyte differentiation	0.00670857875256881	12	2.85743520058436	0.00131201552854656	0.00501821997779853	43826	7	88	4.82715311004785	0.000642997220543977	0.00317859003363249
GO:0010669	epithelial structure maintenance	0.00127249256157181	5	6.27683075602293	0.001369885159247	0.00520159292351758	29832	1	19	3.19390581717452	0.270767367666008	0.347750246708305
GO:0030509	BMP signaling pathway	0.00870111464988618	14	2.57027037940348	0.00146023864315386	0.00542670247526684	50971	9	131	4.16914423463238	0.000339680080011437	0.0019346995861521
GO:0071772	response to BMP	0.00870111464988618	14	2.57027037940348	0.00146023864315386	0.00542670247526684	50971	9	131	4.16914423463238	0.000339680080011437	0.0019346995861521
GO:0071773	cellular response to BMP stimulus	0.00870111464988618	14	2.57027037940348	0.00146023864315386	0.00542670247526684	50971	9	131	4.16914423463238	0.000339680080011437	0.0019346995861521
GO:0045879	negative regulation of smoothened signaling pathway	0.0019243107812761	6	4.98082982749032	0.00150621980094907	0.00555816320913601	70322	4	22	11.0334928229665	0.000422682538372152	0.00226005765415314
GO:0060119	inner ear receptor cell development	0.00343257218200228	8	3.72302519453514	0.00167150613354837	0.0061249595383171	42130	3	48	3.79276315789474	0.0446211056439307	0.0872442513336555
GO:0021953	central nervous system neuron differentiation	0.0108612487985042	16	2.35323818701492	0.001699120666073	0.00616468830054895	81038	14	142	5.98295033358043	1.11981680585148e-07	4.19131433047269e-06
GO:0062012	regulation of small molecule metabolic process	0.00425754983790406	9	3.37682407781031	0.00170587748774732	0.00616468830054895	62877	4	72	3.37134502923977	0.0312188288223114	0.066169044590598
GO:0048762	mesenchymal cell differentiation	0.016272834577549	21	2.0614924657857	0.00179645419415895	0.00644754792972115	49930	11	203	3.28830697433238	0.000601151738486455	0.00300003343778002
GO:0090090	negative regulation of canonical Wnt signaling pathway	0.00430439300213513	9	3.34007531328583	0.0018352966147181	0.00654214575586587	54565	5	62	4.89388794567063	0.00358067761978906	0.0122193427837264
GO:0048706	embryonic skeletal system development	0.0154637032270788	20	2.06605632040268	0.00222515535727495	0.00787825275143293	81857	12	223	3.26551805522776	0.000367594942270214	0.00204914627393183
GO:0072348	sulfur compound transport	0.00143201097789633	5	5.57762515132241	0.00228043688859693	0.00801979147399187	86232	2	31	3.9151103565365	0.0921972406428432	0.15944341286089
GO:0035282	segmentation	0.00820079713225025	13	2.5322871457547	0.00240825874418724	0.00841285054636075	51171	9	132	4.13755980861244	0.000359288297649348	0.00202437707492751
GO:0065009	regulation of molecular function	0.0103616408375362	15	2.31253540993712	0.00274308913761727	0.00951906429212881	83778	8	225	2.15766081871345	0.033981622345745	0.0706601988459143
GO:0061035	regulation of cartilage development	0.00293713942364587	7	3.8071426014628	0.00283317030000665	0.00976698182370714	91810	3	41	4.4403080872914	0.0299006799070544	0.0639508419236592
GO:0021517	ventral spinal cord development	0.00462383499992434	9	3.10932306307363	0.00294126812270174	0.010073362720887	51808	8	58	8.37023593466425	4.86773560772077e-06	7.72937411650207e-05
GO:0016331	morphogenesis of embryonic epithelium	0.00744977902507226	12	2.57314062725458	0.00306366923674947	0.0104244329873813	51985	8	80	6.06842105263158	5.35642911252503e-05	0.000442952315542338
GO:0021510	spinal cord development	0.00654627525729943	11	2.6842569695541	0.0032805676915042	0.011090435292569	71176	10	94	6.45576707726764	3.63492952858815e-06	5.95219710306309e-05
GO:0090287	regulation of cellular response to growth factor stimulus	0.011727433198646	16	2.17942878022625	0.00356712086701884	0.0119351845718674	138793	10	178	3.40922531046718	0.000797333094626894	0.00373037983557583
GO:0060972	left/right pattern formation	0.01614567001264	20	1.97878946888704	0.00358468458917637	0.0119351845718674	39780	13	315	2.50442773600668	0.00243521831158383	0.00898629855823894
GO:0042490	mechanoreceptor differentiation	0.00568278827686431	10	2.81102165280442	0.00359877702739512	0.0119351845718674	37562	5	84	3.61215538847118	0.0127342705941411	0.0322355448856519
GO:0022600	digestive system process	0.00162347739026598	5	4.91982241032366	0.00387690889318462	0.0127767311951493	29832	1	29	2.09255898366606	0.38245435930171	0.452383937413309
GO:0008589	regulation of smoothened signaling pathway	0.00311755801108577	7	3.58681653603091	0.0039105213600606	0.0128069574541985	60293	5	44	6.89593301435407	0.000765915628038725	0.00361567377560623
GO:0035883	enteroendocrine cell differentiation	0.00234165089234074	6	4.09312274860932	0.0039392449209542	0.0128208965129193	22420	5	43	7.0563035495716	0.000688129865040474	0.00333870416001119
GO:0048663	neuron fate commitment	0.00312606716925983	7	3.57705321758832	0.00396804586920289	0.0128349137991501	32255	6	50	7.2821052631579	0.000168527444948007	0.00107693147747263
GO:0042461	photoreceptor cell development	0.00579959662752575	10	2.75440550791957	0.00413941720872812	0.0132444285519173	50618	6	93	3.9151103565365	0.00445862450583035	0.0140742122955127
GO:0045664	regulation of neuron differentiation	0.00487691757396175	9	2.94796797097243	0.00414520282922604	0.0132444285519173	79266	5	64	4.74095394736842	0.0041072620371537	0.0136077596834625
GO:0003158	endothelium development	0.00583513105980324	10	2.73763189392825	0.00431600632018375	0.0137065897683411	31240	4	75	3.23649122807018	0.0355083511388244	0.0729661803793881
GO:0061351	neural precursor cell proliferation	0.00318739964630643	7	3.50822296135847	0.00440185138445237	0.0138579908020582	23206	4	44	5.51674641148325	0.00589377701010533	0.0174482438039276
GO:0060841	venous blood vessel development	0.00167504103898378	5	4.76837298991196	0.00441657340447275	0.0138579908020582	40062	3	20	9.10263157894737	0.00412320233229766	0.0136077596834625
GO:0048857	neural nucleus development	0.00243927429398791	6	3.92930986087321	0.00478565418197338	0.0149266832818694	42823	2	26	4.66801619433198	0.0679511979804689	0.125374745569598
GO:0043547	positive regulation of GTPase activity	0.00245386852179715	6	3.90594053903168	0.00492281358706872	0.0151738489389648	126334	1	40	1.51710526315789	0.485677704328463	0.532416562904006
GO:0051345	positive regulation of hydrolase activity	0.00245386852179715	6	3.90594053903168	0.00492281358706872	0.0151738489389648	126334	1	40	1.51710526315789	0.485677704328463	0.532416562904006
GO:0006109	regulation of carbohydrate metabolic process	0.00246515930776496	6	3.88805076676004	0.00503088981972245	0.0153528328754472	70430	2	43	2.82252141982864	0.15788870519331	0.245480148263543
GO:0003206	cardiac chamber morphogenesis	0.00246604901452083	6	3.88664802698724	0.0050394794934674	0.0153528328754472	236368	2	33	3.67783094098884	0.102501018572237	0.173751726826928
GO:0060042	retina morphogenesis in camera-type eye	0.010047822835594	14	2.22577742644623	0.00517258555519257	0.0156672533579243	69084	10	144	4.21418128654971	0.000147875432094845	0.00098084463819872
GO:0072080	nephron tubule development	0.00249178286787932	6	3.84650872284808	0.00529261154879355	0.015938669261884	44744	3	33	5.51674641148325	0.0168503937227778	0.0395946471333433
GO:2001234	negative regulation of apoptotic signaling pathway	0.00251369422626961	6	3.81297949312041	0.00551537576100367	0.016514610850091	191059	4	48	5.05701754385965	0.0080233170074871	0.0227255033076932
GO:0007586	digestion	0.00178162638983049	5	4.48310627462376	0.00569801184575452	0.0169645352680419	29832	1	36	1.68567251461988	0.450304231305711	0.508533226733174
GO:0001946	lymphangiogenesis	0.00338705909140857	7	3.30142118115447	0.00606460001679477	0.017953957111867	42027	5	48	6.32127192982456	0.00114404754982809	0.00516793893198206
GO:0051146	striated muscle cell differentiation	0.0159171423787423	19	1.90683961841137	0.00650059703628494	0.0191365890281646	62874	15	260	3.50101214574899	3.24872622559476e-05	0.000303987953966367
GO:0048738	cardiac muscle tissue development	0.00824282594068443	12	2.32557732159157	0.00666665781468965	0.0194357641967791	142112	6	119	3.05970809376382	0.0142277089666477	0.0353332677655137
GO:0043087	regulation of GTPase activity	0.00261847945669793	6	3.66039325312413	0.00667640754851192	0.0194357641967791	126334	1	43	1.41126070991432	0.510707537382	0.554059522956869
GO:0061326	renal tubule development	0.0026332904167968	6	3.63980534604316	0.00685374911806653	0.0198417930268887	44744	3	36	5.05701754385965	0.0212675886613271	0.0488395426111152
GO:0061053	somite development	0.00942920814070831	13	2.20238782016952	0.00749205439593964	0.0215705302388592	40175	10	153	3.96628826969384	0.000242259104836219	0.00147609035969975
GO:0060872	semicircular canal development	0.00192782819448627	5	4.14311839101034	0.00785357583154528	0.0223073942269808	54600	3	29	6.27767695099818	0.0118447344074639	0.0307259447005499
GO:0031017	exocrine pancreas development	0.00271931035818568	6	3.52466738777698	0.00795179901203433	0.0223073942269808	31954	2	53	2.28997020854022	0.217367573867703	0.306184432007195
GO:0035272	exocrine system development	0.00271931035818568	6	3.52466738777698	0.00795179901203433	0.0223073942269808	31954	2	53	2.28997020854022	0.217367573867703	0.306184432007195
GO:0009799	specification of symmetry	0.0174174909802061	20	1.83429874173297	0.0079608448863462	0.0223073942269808	46823	13	336	2.34790100250627	0.00420014621555122	0.0136077596834625
GO:0009855	determination of bilateral symmetry	0.0174174909802061	20	1.83429874173297	0.0079608448863462	0.0223073942269808	46823	13	336	2.34790100250627	0.00420014621555122	0.0136077596834625
GO:0072114	pronephros morphogenesis	0.00194024336548537	5	4.11660752943035	0.0080593596619157	0.0224633216108714	49777	1	34	1.78482972136223	0.431716517159206	0.490714652909813
GO:0030178	negative regulation of Wnt signaling pathway	0.00642159414072841	10	2.48761297342854	0.0081830651873336	0.0226874399902794	59565	6	93	3.9151103565365	0.00445862450583035	0.0140742122955127
GO:0006096	glycolytic process	0.00195299122745135	5	4.0897369814137	0.00827451913762053	0.0227007750162993	14126	2	50	2.42736842105263	0.199260580100961	0.288432441914098
GO:0046032	ADP catabolic process	0.00195299122745135	5	4.0897369814137	0.00827451913762053	0.0227007750162993	14126	2	50	2.42736842105263	0.199260580100961	0.288432441914098
GO:0009137	purine nucleoside diphosphate catabolic process	0.001966095938442	5	4.06247746669661	0.00849981595555178	0.023077220521809	14126	2	51	2.37977296181631	0.205277652496939	0.293894781170481
GO:0009181	purine ribonucleoside diphosphate catabolic process	0.001966095938442	5	4.06247746669661	0.00849981595555178	0.023077220521809	14126	2	51	2.37977296181631	0.205277652496939	0.293894781170481
GO:0098609	cell-cell adhesion	0.0350374879149489	34	1.55014249804024	0.00891290006883108	0.0240740187426159	37212	24	451	3.22931497257556	6.80939871921616e-07	1.87796048887856e-05
GO:0019364	pyridine nucleotide catabolic process	0.00199717286394726	5	3.99926345459061	0.00905098362270259	0.0241975276443681	14126	2	53	2.28997020854022	0.217367573867703	0.306184432007195
GO:0072526	pyridine-containing compound catabolic process	0.00199717286394726	5	3.99926345459061	0.00905098362270259	0.0241975276443681	14126	2	53	2.28997020854022	0.217367573867703	0.306184432007195
GO:0046890	regulation of lipid biosynthetic process	0.00200936163943361	5	3.97500394679365	0.00927372832084069	0.0246671758381752	32892	4	34	7.13931888544892	0.00229178127628649	0.00870212600560957
GO:0043085	positive regulation of catalytic activity	0.00368818721072339	7	3.0318712113328	0.00940267052118402	0.0248838351166688	128960	2	65	1.86720647773279	0.290606048396262	0.366933902071425
GO:0048704	embryonic skeletal system morphogenesis	0.0142082703956684	17	1.91131986966168	0.00949448947962792	0.0250005652629398	73225	11	203	3.28830697433238	0.000601151738486455	0.00300003343778002
GO:1901264	carbohydrate derivative transport	0.00203485253175403	5	3.925208496755	0.00975170839427649	0.0255494759930044	82346	2	57	2.12927054478301	0.241709407741984	0.325723140153561
GO:0046031	ADP metabolic process	0.00204103423362026	5	3.91332017646618	0.00987012032028683	0.0257310599394542	14126	2	54	2.24756335282651	0.223435955965753	0.309121288012927
GO:0036303	lymph vessel morphogenesis	0.00373810189944137	7	2.99138678586294	0.0100644549027339	0.0260058113543912	42027	5	50	6.06842105263158	0.00137790097721157	0.00601683426715721
GO:0009135	purine nucleoside diphosphate metabolic process	0.00205413894461091	5	3.88835451868485	0.0101243998402592	0.0260058113543912	14126	2	55	2.2066985645933	0.229517088295635	0.312381699394579
GO:0009179	purine ribonucleoside diphosphate metabolic process	0.00205413894461091	5	3.88835451868485	0.0101243998402592	0.0260058113543912	14126	2	55	2.2066985645933	0.229517088295635	0.312381699394579
GO:0000381	regulation of alternative mRNA splicing, via spliceosome	0.00375714397079974	7	2.97622574836223	0.0103256479398468	0.0263933635145352	291102	4	58	4.18511796733212	0.0153871534093642	0.0373280943819762
GO:0010038	response to metal ion	0.00289382057492718	6	3.31211430998358	0.0105588516125376	0.0268584380823771	28556	2	69	1.75896262395118	0.314945998978268	0.387398364940405
GO:0009191	ribonucleoside diphosphate catabolic process	0.00209342132699264	5	3.81539078841744	0.0109134483810965	0.0276057545122017	14126	2	52	2.33400809716599	0.211314073119169	0.301712736551621
GO:0003309	type B pancreatic cell differentiation	0.00209558105735658	5	3.81145860201639	0.0109580094246908	0.0276057545122017	26177	4	40	6.06842105263158	0.00417830237930196	0.0136077596834625
GO:0003231	cardiac ventricle development	0.00217334239414191	5	3.67508611105795	0.0126462165444928	0.0317063036809294	264876	2	35	3.46766917293233	0.113101549223963	0.18814352950272
GO:0007368	determination of left/right symmetry	0.0158886227562087	18	1.80972221767853	0.0129205018621884	0.0322397284561273	38810	12	308	2.36431989063568	0.00551408725448175	0.0165107526934196
GO:0009205	purine ribonucleoside triphosphate metabolic process	0.00397106840389533	7	2.81589423522124	0.0136082211298319	0.0337948240380658	35922	4	105	2.31177944862155	0.0959394480073873	0.164288466522454
GO:0009144	purine nucleoside triphosphate metabolic process	0.00399725021666775	7	2.7974502520685	0.0140558303643345	0.034741769391091	35922	4	107	2.2685686178062	0.101043340347397	0.171904903707909
GO:0009134	nucleoside diphosphate catabolic process	0.00226333530068733	5	3.52896031129757	0.0148097689364278	0.0364334221722448	14126	2	58	2.09255898366606	0.247816656440464	0.330422208587286
GO:0032835	glomerulus development	0.00601985875451769	9	2.38826148442808	0.014940017859298	0.0365820998050102	44685	5	81	3.74593892137752	0.0109985117458861	0.0290374450734783
GO:0055001	muscle cell development	0.0149676713488899	17	1.81434699411549	0.0150562853868905	0.0366953188033983	47653	15	263	3.46107664598759	3.70586869742983e-05	0.000334806068526419
GO:0009185	ribonucleoside diphosphate metabolic process	0.0022928088213874	5	3.48359635255206	0.0155689165986719	0.0377690384152965	14126	2	59	2.05709188224799	0.253928775451564	0.335245923173756
GO:0141091	transforming growth factor beta receptor superfamily signaling pathway	0.0126988728759972	15	1.88691245087934	0.0157948514110385	0.0381405628543049	49472	10	201	3.019114951558	0.00198192724301136	0.00780849530329289
GO:0046530	photoreceptor cell differentiation	0.00713806139369495	10	2.23792427852735	0.0160105343695171	0.038484036741408	50618	6	122	2.98446937014668	0.0159109379805611	0.038244639916578
GO:0043484	regulation of RNA splicing	0.00714663819443074	10	2.23523850794872	0.0161293521052108	0.0385926050371254	274566	6	125	2.91284210526316	0.0177269578605019	0.0414684192808168
GO:0000380	alternative mRNA splicing, via spliceosome	0.00413349614060463	7	2.70524230477748	0.0165561892695618	0.0393154055671847	291102	4	69	3.51792524790236	0.0272512007274528	0.0594984549216052
GO:0048705	skeletal system morphogenesis	0.016335802209991	18	1.76018252673491	0.01658149738616	0.0393154055671847	69163	12	245	2.97228786251343	0.000844097231207842	0.0039142207889638
GO:0042445	hormone metabolic process	0.0042886992375826	7	2.60734269454182	0.0197700078501375	0.0466643428534777	46684	5	78	3.89001349527665	0.00943153670391548	0.0261488107558292
GO:0010817	regulation of hormone levels	0.00632974313442597	9	2.27133968942891	0.019899546711467	0.0467594729901735	36980	6	120	3.03421052631579	0.0147743147806913	0.0360080974189871
GO:0009953	dorsal/ventral pattern formation	0.00963334787018	12	1.98989274879412	0.0202350465638303	0.0471315953263491	59289	9	157	3.4787127053302	0.00124740927914818	0.0055563741409749
GO:0007519	skeletal muscle tissue development	0.00851420030582914	11	2.06383269747544	0.0202378033366957	0.0471315953263491	41235	9	160	3.41348684210526	0.00142278603667971	0.00616148663818322
GO:0009132	nucleoside diphosphate metabolic process	0.0024822066137824	5	3.21779033338139	0.021070028512272	0.0488526324797811	14126	2	67	1.8114689709348	0.302794984147678	0.377772789746151
GO:0046328	regulation of JNK cascade	0.00249408271497828	5	3.20246814563001	0.0214519748081655	0.049477125874711	40645	4	41	5.9204107830552	0.0045705049949676	0.0140879095139001
GO:0002062	chondrocyte differentiation	0.00340310418314399	6	2.81644757871807	0.021528215075256	0.049477125874711	102364	2	40	3.03421052631579	0.140706076502881	0.224103295098814
GO:0055123	digestive system development	0.00860957148626264	11	2.04097091383272	0.0217260381508157	0.0497137292184603	20758	6	160	2.27565789473684	0.0499958836971202	0.095962795081652
GO:0001945	lymph vessel development	0.00539826019438321	8	2.36734656268548	0.0220298263655323	0.0501896913719085	38939	6	78	4.66801619433198	0.00184713301869312	0.00738853207477247
GO:1904888	cranial skeletal system development	0.016893339122782	18	1.70209059329465	0.0222221964657288	0.0503023350470609	75855	11	263	2.53812287372423	0.00459814488979303	0.0140902217675529
GO:0001894	tissue homeostasis	0.00646061975746765	9	2.22532780829484	0.0223158563526648	0.0503023350470609	31984	5	108	2.80945419103314	0.0334930445191658	0.0699217343746729
GO:0046034	ATP metabolic process	0.0034337835360415	6	2.7912838523859	0.0223672596678725	0.0503023350470609	21545	3	90	2.02280701754386	0.185714621816312	0.276461539294738
GO:0021782	glial cell development	0.00756386303704834	10	2.11194211427742	0.0227359748177331	0.0509130376260348	66177	5	109	2.78367938194109	0.0346458539690887	0.0717566303549505
GO:0001667	ameboidal-type cell migration	0.018210366028493	19	1.66671211617553	0.023151732009304	0.0516234364803204	57146	9	229	2.38496897264997	0.0143255520636186	0.0354084400063025
GO:0055007	cardiac muscle cell differentiation	0.00451477862488368	7	2.47677894206522	0.025194662988815	0.0559406923988943	58430	4	64	3.79276315789474	0.0213439985838652	0.0488395426111152
GO:0090263	positive regulation of canonical Wnt signaling pathway	0.00260950577358461	5	3.06081731189753	0.0253997991445327	0.0561582057035237	66490	4	51	4.75954592363261	0.00991431481320318	0.0269753847168741
GO:0001503	ossification	0.0077385050877622	10	2.0642799498615	0.0260141857896929	0.0571764891422136	68841	7	118	3.59991079393399	0.00350192862319523	0.0120724381483835
GO:0060249	anatomical structure homeostasis	0.00664555176032775	9	2.16340152384921	0.0260785895133379	0.0571764891422136	31984	5	111	2.73352299668089	0.0370243879901537	0.075489413645294
GO:0009141	nucleoside triphosphate metabolic process	0.00461999179804949	7	2.42037412943439	0.0280360301111798	0.0612119990760759	35922	4	122	1.98964624676445	0.143032749757583	0.227118669312041
GO:0030100	regulation of endocytosis	0.00270318934112587	5	2.95473954627155	0.0289249771536592	0.0626571861793677	106673	4	53	4.57994041708044	0.0113226854349156	0.0295178466064466
GO:0048678	response to axon injury	0.00270349856426523	5	2.95440158646992	0.0289370974339828	0.0626571861793677	14700	3	38	4.79085872576177	0.0245303412622934	0.0549311915446229
GO:0060538	skeletal muscle organ development	0.00912905186554575	11	1.92483132343066	0.0312715479285721	0.067433296767785	41235	9	173	3.15698205050198	0.00242544149932037	0.00898629855823894
GO:0031018	endocrine pancreas development	0.00373834486047944	6	2.56387917499725	0.031908633585806	0.0685250983564031	22420	5	70	4.33458646616541	0.00601642791732799	0.0177112821835948
GO:0009154	purine ribonucleotide catabolic process	0.0028038987620946	5	2.84861228060804	0.03304336555663	0.0706723410272413	14126	2	69	1.75896262395118	0.314945998978268	0.387398364940405
GO:0021514	ventral spinal cord interneuron differentiation	0.0028219275754874	5	2.83041298319104	0.0338171081086231	0.07203318962975	61149	5	26	11.67004048583	5.92405694356458e-05	0.000449884904119977
GO:0042127	regulation of cell population proliferation	0.0203599230891925	20	1.56920444390561	0.0346152476927863	0.0732598512613948	39654	14	338	2.51354718156338	0.0016364633095008	0.00678807734316884
GO:0007178	cell surface receptor protein serine/threonine kinase signaling pathway	0.0140791828493615	15	1.70192131164343	0.0346726013603548	0.0732598512613948	49472	10	224	2.70911654135338	0.00429716977598204	0.013814214494568
GO:0048024	regulation of mRNA splicing, via spliceosome	0.0048544146882714	7	2.30349266477271	0.0351289779760434	0.0739260420058102	291102	4	80	3.03421052631579	0.0433776812405985	0.0851307302249948
GO:2000026	regulation of multicellular organismal development	0.0323111586056379	29	1.43374241572897	0.0361435125922642	0.0757568023933858	80222	21	476	2.67724458204334	5.41010461731099e-05	0.000442952315542338
GO:0007219	Notch signaling pathway	0.00708934218372108	9	2.02797332002467	0.0368929006607256	0.0770194420168136	53421	7	122	3.48188093183779	0.00420697913878039	0.0136077596834625
GO:0055002	striated muscle cell development	0.012990016815154	14	1.72164652060391	0.0372287567662492	0.0772935935011386	50558	12	224	3.25093984962406	0.000382695061073991	0.0020888772083622
GO:0080134	regulation of response to stress	0.0154648800696069	16	1.65271927853751	0.0373192350301299	0.0772935935011386	74418	11	344	1.94048347613219	0.0287596302856715	0.062163730368624
GO:0003007	heart morphogenesis	0.0167377757256282	17	1.62247062966591	0.03765875411036	0.0776897132040498	139280	12	282	2.58230683090705	0.00274522025592636	0.00992065802831321
GO:0006195	purine nucleotide catabolic process	0.0029173843444684	5	2.73780191575675	0.038100622241253	0.0782930433506532	14126	2	75	1.61824561403509	0.35106977846594	0.420962388824147
GO:0009261	ribonucleotide catabolic process	0.00293122415064524	5	2.7248753547306	0.0387479072214326	0.07931212259387	14126	2	70	1.73383458646617	0.321003965304016	0.391805572244659
GO:0006090	pyruvate metabolic process	0.00293799668958131	5	2.71859409359055	0.0390670909122601	0.0796543020934798	14126	2	75	1.61824561403509	0.35106977846594	0.420962388824147
GO:0007051	spindle organization	0.00395770968818307	6	2.42177049149388	0.040210227434021	0.081667283625686	67439	1	103	0.589167092488503	0.819717351277943	0.827614435586979
GO:0015748	organophosphate ester transport	0.00609753588321596	8	2.09585527013164	0.0404791923758248	0.0818961266599699	67568	4	127	1.91131371736428	0.158344065101293	0.245480148263543
GO:0002088	lens development in camera-type eye	0.00501875091154391	7	2.22806607127632	0.0407528040175169	0.082132574250688	39954	5	119	2.54975674480318	0.0475221961127026	0.0922282620853932
GO:0046496	nicotinamide nucleotide metabolic process	0.00399138671093376	6	2.40133698658804	0.041594662248682	0.0835080575414151	18420	3	98	1.85767991407089	0.219559344220996	0.308442617618771
GO:0042462	eye photoreceptor cell development	0.00401377846955841	6	2.38794059249506	0.042531597976433	0.0850631959528661	68325	4	57	4.25854108956602	0.0145104848991978	0.035530346201774
GO:0006006	glucose metabolic process	0.00305991757549545	5	2.6102730711598	0.045087927492448	0.0898329810115694	84415	2	70	1.73383458646617	0.321003965304016	0.391805572244659
GO:0008593	regulation of Notch signaling pathway	0.0041097894934075	6	2.33215461573298	0.0466986643259243	0.0926897731317588	53775	5	63	4.81620718462824	0.00383751222427366	0.0129732671323832
GO:0072524	pyridine-containing compound metabolic process	0.00414355762654747	6	2.31314860334824	0.0482222913134209	0.0953527571631417	18420	3	103	1.76750127746551	0.241305482717085	0.325723140153561
GO:0051960	regulation of nervous system development	0.0147835869487421	15	1.62082865443504	0.0489975206948857	0.0965214317448124	60410	12	167	4.36054207374724	2.36930894588922e-05	0.00024830357752919
GO:0030177	positive regulation of Wnt signaling pathway	0.0041656415424932	6	2.30088557523954	0.04923513309742	0.0966262537192812	100130	5	74	4.10028449502134	0.00759099268706295	0.0216178270001141
GO:0048701	embryonic cranial skeleton morphogenesis	0.0136216561543246	14	1.64181337416125	0.0512664844913994	0.100237454751841	85949	8	182	2.66743782533256	0.01102757933134	0.0290374450734783
GO:0002011	morphogenesis of an epithelial sheet	0.00876060076108953	10	1.82344126050346	0.0521659180464701	0.101616881250373	67155	5	115	2.63844393592677	0.0420755099000687	0.0831983667457962
GO:0008284	positive regulation of cell population proliferation	0.011209300838986	12	1.71012709435109	0.0531007114018644	0.103054713979915	44223	6	170	2.14179566563467	0.0633083005471176	0.118055336251564
GO:0035315	hair cell differentiation	0.00533919236269426	7	2.09434458745655	0.0533282627313891	0.103114426831173	45620	3	77	2.36431989063568	0.134259322448875	0.216467338348341
GO:0003407	neural retina development	0.00880652937027675	10	1.81393148457378	0.0536433817452588	0.103342397185719	42063	6	140	2.60075187969925	0.0289464698663058	0.062163730368624
GO:0048840	otolith development	0.0042661473455465	6	2.24667920735246	0.0540092354238369	0.103666078249416	125822	3	67	2.7172034564022	0.0987660622151394	0.168577904236915
GO:0072523	purine-containing compound catabolic process	0.00323318606806797	5	2.47038688127752	0.0545463929643385	0.104314999683626	14126	2	88	1.37918660287081	0.426749856696063	0.48764177637961
GO:0007224	smoothened signaling pathway	0.00537365969904888	7	2.08091119506084	0.0548104333978572	0.104438789456281	60293	5	78	3.89001349527665	0.00943153670391548	0.0261488107558292
GO:0001756	somitogenesis	0.00659469145620594	8	1.93785453049949	0.0585208480310238	0.110975919894547	47491	7	105	4.04561403508772	0.00181429852543789	0.00731301867176503
GO:1901880	negative regulation of protein depolymerization	0.00330383596287833	5	2.41755962978435	0.0587080398673945	0.110975919894547	73347	5	52	5.83502024291498	0.00164520195149321	0.00678807734316884
GO:0050684	regulation of mRNA processing	0.0054678236668245	7	2.04507484285648	0.0589896731339934	0.110975919894547	291102	4	92	2.63844393592677	0.0659197755323356	0.122489228294127
GO:2001233	regulation of apoptotic signaling pathway	0.0043673123184616	6	2.19463684706603	0.0590883237606463	0.110975919894547	191059	4	86	2.82252141982864	0.0540086771395136	0.102911079349473
GO:0042180	ketone metabolic process	0.00334863811634361	5	2.38521457672638	0.0614385629626754	0.114977882115864	44192	4	78	3.11201079622132	0.0401217590228038	0.0802435180456077
GO:0009166	nucleotide catabolic process	0.00337912489500925	5	2.36369494926954	0.0633371136554685	0.118109066033685	14126	2	83	1.46227013316424	0.398143686521043	0.46464875665262
GO:0055013	cardiac muscle cell development	0.00338740903813101	5	2.357914369766	0.0638586627501522	0.118659359152765	55666	3	50	3.64105263157895	0.0493759539532303	0.0951213230569583
GO:0050767	regulation of neurogenesis	0.0103605433714836	11	1.69603893869027	0.0650325461086251	0.120413618943179	59092	10	129	4.70420236638107	5.90470373910389e-05	0.000449884904119977
GO:0007254	JNK cascade	0.00342053249624384	5	2.33508100158536	0.0659681550884139	0.121715891782848	40645	4	54	4.49512670565302	0.0120726041551367	0.0310290354836291
GO:0006281	DNA repair	0.0142805195539026	14	1.56606467768775	0.0694198340176654	0.127635063246515	86334	8	363	1.33739306945049	0.25182126487997	0.334061627334442
GO:0010001	glial cell differentiation	0.0105389533889781	11	1.66732732705722	0.0713559635066455	0.130736100970218	64360	6	148	2.4601706970128	0.0364943404079766	0.0746993530225771
GO:0043242	negative regulation of protein-containing complex disassembly	0.00351469301286835	5	2.27252292534248	0.0721748364545463	0.131775659589485	73347	5	58	5.23139745916515	0.00267546001195088	0.00973570171015458
GO:0030510	regulation of BMP signaling pathway	0.00575359899531635	7	1.94349808446865	0.0728459909745695	0.132539233578731	42624	6	94	3.87346024636058	0.00469767286648108	0.0143115150118377
GO:0009410	response to xenobiotic stimulus	0.00353046615389638	5	2.26236992485236	0.0732447812812003	0.132803686475256	83281	2	108	1.12378167641326	0.533294554518104	0.573811799933237
GO:0001501	skeletal system development	0.0305392258090421	26	1.36000652359633	0.0739843269790834	0.133682025300137	73322	16	447	2.17214176380549	0.00343814451855016	0.011931044554439
GO:0019216	regulation of lipid metabolic process	0.00466468282444907	6	2.05473017082854	0.0756130060440681	0.136155378581071	42708	5	84	3.61215538847118	0.0127342705941411	0.0322355448856519
GO:0051093	negative regulation of developmental process	0.0107178182681888	11	1.63950204643608	0.0780771738295672	0.140111092762648	44724	8	180	2.69707602339181	0.0103646296620226	0.0278516202199993
GO:0014902	myotube differentiation	0.00590952062195519	7	1.892219241042	0.0811521557073623	0.144753025265202	58231	6	111	3.28022759601707	0.010352174298122	0.0278516202199993
GO:0097190	apoptotic signaling pathway	0.00830968163996569	9	1.7301501342681	0.0812163920381095	0.144753025265202	126450	8	166	2.92454026632847	0.00651858415051759	0.0189763227492845
GO:0031669	cellular response to nutrient levels	0.00367285029519552	5	2.17466539753403	0.0832919134248034	0.147538860211202	79915	2	71	1.70941438102298	0.327048558823571	0.396697788943406
GO:0090101	negative regulation of transmembrane receptor protein serine/threonine kinase signaling pathway	0.00367354397656841	5	2.17425475187737	0.0833425622567094	0.147538860211202	48491	4	64	3.79276315789474	0.0213439985838652	0.0488395426111152
GO:0031347	regulation of defense response	0.00838979873249794	9	1.71362833168124	0.0849221824688706	0.149829035736324	41664	6	187	1.9470869687588	0.0902760636183639	0.156637938198751
GO:0016052	carbohydrate catabolic process	0.00371137273410308	5	2.15209331412373	0.0861293309826603	0.151448890721188	14126	2	99	1.22594364699628	0.487023324273768	0.532777081251471
GO:1901879	regulation of protein depolymerization	0.00372198019215134	5	2.14595995543642	0.0869194507113542	0.152327064122908	73347	5	59	5.14272970561998	0.00288415141018792	0.0102809206730508
GO:0055006	cardiac cell development	0.00374868243851098	5	2.13067406436725	0.0889251967631136	0.155322677012905	55666	3	53	3.43495531281033	0.0569498040315604	0.107731759251038
GO:1901292	nucleoside phosphate catabolic process	0.00376507333558751	5	2.12139837271935	0.090168252113717	0.156970644875707	14126	2	95	1.27756232686981	0.465557203880116	0.521264903489703
GO:0048703	embryonic viscerocranium morphogenesis	0.00857629272634992	9	1.67636498238216	0.0939342053662871	0.162985177522962	91593	5	112	2.70911654135338	0.0382502944662742	0.0776866445749134
GO:0002064	epithelial cell development	0.00738988015619628	8	1.72933152440091	0.0965557329776474	0.166980871552103	18070	7	107	3.96999508116085	0.00202095929217855	0.00790285573956389
GO:0051241	negative regulation of multicellular organismal process	0.00992026483945867	10	1.61028371249012	0.0980863286722675	0.169069856000882	35900	8	185	2.62418207681366	0.0120800061806495	0.0310290354836291
GO:0001754	eye photoreceptor cell differentiation	0.00503589692048306	6	1.9032686109512	0.0995458863462078	0.171023096542337	68325	4	78	3.11201079622132	0.0401217590228038	0.0802435180456077
GO:0051336	regulation of hydrolase activity	0.00513108726059846	6	1.86795976173348	0.106259180605148	0.18196016548071	126334	1	119	0.509951348960637	0.861887235740868	0.861887235740868
GO:1902904	negative regulation of supramolecular fiber organization	0.00397529951515482	5	2.00921224094816	0.106896048778285	0.1824544936802	73347	5	69	4.39740655987796	0.0056619118219909	0.0168570556518365
GO:1903313	positive regulation of mRNA metabolic process	0.00402089267245426	5	1.98642965578316	0.110711793569245	0.188353830617807	58047	5	73	4.15645277577505	0.00717321783485814	0.0205397057129271
GO:0009896	positive regulation of catabolic process	0.00767310094263734	8	1.66550040344738	0.112843129152682	0.191358575003254	55508	7	143	2.97055576002944	0.00979515785221016	0.0269753847168741
GO:1903311	regulation of mRNA metabolic process	0.0115476620471541	11	1.52168334267767	0.114302045375553	0.193207328312226	204155	8	195	2.48960863697706	0.0161229446197416	0.0384019226397482
GO:0051494	negative regulation of cytoskeleton organization	0.00407207462385942	5	1.96146219926447	0.115072841498549	0.193884787605273	73347	5	72	4.21418128654971	0.00677174985661031	0.0196044028998
GO:0006974	DNA damage response	0.019678095730136	17	1.3800395065249	0.117300370979845	0.19700446920974	84787	11	488	1.36788179465056	0.185645140306672	0.276461539294738
GO:0042063	gliogenesis	0.0116288745350483	11	1.51105637360396	0.118290384615473	0.198032464979258	64360	6	174	2.09255898366606	0.0691638648921754	0.126719808403846
GO:0019318	hexose metabolic process	0.00416911202004829	5	1.91580854840927	0.123561860322846	0.206198773277616	72620	3	99	1.83891547049442	0.223877174002331	0.309121288012927
GO:0015931	nucleobase-containing compound transport	0.00538007814988118	6	1.78151028102685	0.124887302142551	0.207749035945069	71377	3	135	1.34853801169591	0.384455512338256	0.453176551756302
GO:0043244	regulation of protein-containing complex disassembly	0.00419724994526923	5	1.90296516801122	0.126076443315426	0.2090634692952	73347	5	77	3.94053315105947	0.0089453569805038	0.0250661339988449
GO:0072330	monocarboxylic acid biosynthetic process	0.00422268147779058	5	1.89150436500919	0.128369317101316	0.212194076217948	33996	4	100	2.42736842105263	0.0837328806197629	0.148732303202562
GO:0032101	regulation of response to external stimulus	0.0131745629793201	12	1.45502580264501	0.129155041554169	0.212821515013788	39842	8	265	1.83197616683217	0.0738237795573038	0.132478289342559
GO:0044057	regulation of system process	0.00924345338342386	9	1.55537072658298	0.130524794878388	0.213982836102072	28501	6	169	2.15446901276861	0.0618918168045208	0.115826114305603
GO:0060284	regulation of cell development	0.0172751710303175	15	1.38705783576908	0.130868595234148	0.213982836102072	75551	14	257	3.30575465902109	0.000108441448301003	0.000778401628900348
GO:0002831	regulation of response to biotic stimulus	0.00545875680263125	6	1.75583285412554	0.131084905322071	0.213982836102072	53007	3	120	1.51710526315789	0.317150003475875	0.389195788808802
GO:0034765	regulation of monoatomic ion transmembrane transport	0.00425717849404474	5	1.87617701688042	0.131509774419539	0.214009695018132	25589	3	91	2.00057836899942	0.189869203024969	0.279850502900967
GO:0010959	regulation of metal ion transport	0.00427480421298802	5	1.8684412313006	0.133127655416935	0.215971800119114	43835	3	83	2.19340519974635	0.157366619030999	0.245480148263543
GO:0009913	epidermal cell differentiation	0.00676313523952824	7	1.65339124979232	0.135722881220948	0.219502437530175	45620	3	114	1.59695290858726	0.290176691586458	0.366933902071425
GO:0022414	reproductive process	0.0160433564966359	14	1.39398618095195	0.13693173709061	0.220776093032244	47592	10	399	1.52090753198786	0.126493658990151	0.20520952727814
GO:0001889	liver development	0.00947766851434901	9	1.51693391505995	0.144928862236035	0.232953140526634	10998	7	166	2.55897273303741	0.0206650890032366	0.0479137461844954
GO:0043269	regulation of monoatomic ion transport	0.00568508053143083	6	1.68593294039564	0.149705637993396	0.239895273114799	37620	4	117	2.07467386414755	0.12834574652344	0.207571515982353
GO:0010639	negative regulation of organelle organization	0.00571954648732501	6	1.67577351770488	0.152640971768665	0.243566236961143	66213	6	115	3.16613272311213	0.0121818680407277	0.0311380431870307
GO:0001947	heart looping	0.00699820418523773	7	1.59785401085982	0.153296879660901	0.243566236961143	33300	6	140	2.60075187969925	0.0289464698663058	0.062163730368624
GO:0008016	regulation of heart contraction	0.00448805843253827	5	1.77966052967966	0.153390950757972	0.243566236961143	32590	4	88	2.75837320574163	0.0578381132660572	0.109018601983504
GO:0046394	carboxylic acid biosynthetic process	0.00704435090717503	7	1.58738665542748	0.156865724269839	0.248331237212676	31257	6	175	2.0806015037594	0.0706751142533439	0.128589443988723
GO:0016053	organic acid biosynthetic process	0.00706749501674142	7	1.5821883991018	0.158669886928782	0.25043078539362	31257	6	177	2.05709188224799	0.0737543222624847	0.132478289342559
GO:0071396	cellular response to lipid	0.00580315614477945	6	1.65162961285535	0.159866872398166	0.251562285695613	86828	3	106	1.71747765640516	0.254518654830589	0.335245923173756
GO:0003143	embryonic heart tube morphogenesis	0.0085310584887658	8	1.49800317656758	0.17041912907205	0.267364142616031	43479	7	159	2.67163190996359	0.0167396305082717	0.0395115602988036
GO:0005996	monosaccharide metabolic process	0.00468736931137841	5	1.70398786967685	0.173407565612327	0.271240490689133	72620	3	107	1.70142646335465	0.258945827363758	0.336693830120618
GO:0061008	hepaticobiliary system development	0.00992662185980123	9	1.4483272364119	0.174649680501551	0.272370335067895	10998	7	172	2.46970624235006	0.0245048672190447	0.0549311915446229
GO:0051261	protein depolymerization	0.00476741876134893	5	1.67537630888216	0.181716590171558	0.282550425073877	73347	5	81	3.74593892137752	0.0109985117458861	0.0290374450734783
GO:0000377	RNA splicing, via transesterification reactions with bulged adenosine as nucleophile	0.0114391709706651	10	1.39646840977672	0.185065837289488	0.286060468258678	257216	6	246	1.4801026957638	0.221694144999119	0.309121288012927
GO:0000398	mRNA splicing, via spliceosome	0.0114391709706651	10	1.39646840977672	0.185065837289488	0.286060468258678	257216	6	246	1.4801026957638	0.221694144999119	0.309121288012927
GO:0000375	RNA splicing, via transesterification reactions	0.0114541620808518	10	1.39464072376569	0.186062645130323	0.286755370730263	257216	6	247	1.47411037715747	0.224328896872093	0.309121288012927
GO:0030903	notochord development	0.0048635146835153	5	1.64227332845457	0.191881171238894	0.294855524132494	31296	4	83	2.92454026632847	0.0485317443315537	0.0938399779694986
GO:0034762	regulation of transmembrane transport	0.0048920729589413	5	1.63268628949738	0.194940212224474	0.298680325162644	25589	3	107	1.70142646335465	0.258945827363758	0.336693830120618
GO:0048484	enteric nervous system development	0.00490827473293705	5	1.62729693871575	0.196683238406784	0.300400723144603	24955	3	59	3.08563782337199	0.0736212646241275	0.132478289342559
GO:0080135	regulation of cellular response to stress	0.00621209753450552	6	1.54290309891346	0.197209635041495	0.300400723144603	135709	4	130	1.86720647773279	0.167808718495402	0.256360841083354
GO:0060047	heart contraction	0.0102936221003313	9	1.39668978178722	0.200847212748487	0.305012655587898	161165	5	204	1.48735810113519	0.247480910193319	0.330422208587286
GO:0009150	purine ribonucleotide metabolic process	0.00758566948044492	7	1.47410965571653	0.201401486323307	0.305012655587898	35922	4	186	1.30503678551217	0.367474955159702	0.435649041863538
GO:0009060	aerobic respiration	0.00627258033814911	6	1.52802579162651	0.202991840828975	0.306535229378626	28421	3	151	1.205646566748	0.454408553132621	0.512064692132244
GO:0003015	heart process	0.0103839242300161	9	1.38454369337107	0.207533828759347	0.312493466292809	161165	5	207	1.46580218662599	0.256725958494726	0.336311005628092
GO:0007281	germ cell development	0.00511137704638542	5	1.56263573882358	0.218971930722993	0.328771609452288	78713	4	127	1.91131371736428	0.158344065101293	0.245480148263543
GO:0050790	regulation of catalytic activity	0.00784997036627687	7	1.42447781385723	0.22474790548088	0.336479721348518	128960	2	173	0.701551566778217	0.780492927094875	0.795677614392441
GO:0001508	action potential	0.00652213790644391	6	1.46955870517112	0.227470563910792	0.339585685154572	95465	4	87	2.79007864488808	0.0559056577572286	0.106139727046332
GO:0008202	steroid metabolic process	0.00653887736978243	6	1.46579664898351	0.229145951635382	0.341114996184489	81135	3	142	1.28206078576723	0.415401242450698	0.479449892167766
GO:0008544	epidermis development	0.00793267375145011	7	1.40962668786851	0.232240894991642	0.344742858287877	45620	3	140	1.30037593984962	0.406606122599009	0.473470240537513
GO:0022412	cellular process involved in reproduction in multicellular organism	0.00526509338746568	5	1.51701401276169	0.236332220065256	0.349825094107893	78713	4	133	1.82508903838544	0.177467581441984	0.267991390995965
GO:0051052	regulation of DNA metabolic process	0.00527525978840222	5	1.51409044628369	0.237493842668362	0.3505542917133	144790	2	113	1.07405682347462	0.557737396054952	0.595222801492453
GO:0005975	carbohydrate metabolic process	0.0150621203817471	12	1.27268462790356	0.239205440195111	0.352088906354601	54740	7	350	1.21368421052632	0.355962615170145	0.424558047803612
GO:0008380	RNA splicing	0.0165621963422732	13	1.25386589639288	0.243147250800838	0.355650206787489	252316	8	336	1.44486215538847	0.192933900458842	0.281608255822934
GO:0036269	swimming behavior	0.00667890644556487	6	1.43506494885939	0.243311092829468	0.355650206787489	227212	3	109	1.67020762916465	0.267829697721265	0.346525337298624
GO:1901136	carbohydrate derivative catabolic process	0.00532900801577195	5	1.49881937194409	0.24366111495555	0.355650206787489	14126	2	155	0.7830220713073	0.726688179018401	0.751054449320793
GO:0001704	formation of primary germ layer	0.00536284517193409	5	1.48936249159022	0.247565404822804	0.360345200353193	20902	4	89	2.72738024837374	0.0598059077895467	0.112323640436281
GO:0051129	negative regulation of cellular component organization	0.00956644247432278	8	1.33587305311838	0.253780617295509	0.368368541448328	72926	8	168	2.88972431077694	0.00698855843400481	0.0201209045022996
GO:0009611	response to wounding	0.0110153413150553	9	1.30517942149118	0.25661445882641	0.371452973549831	27826	5	204	1.48735810113519	0.247480910193319	0.330422208587286
GO:0032787	monocarboxylic acid metabolic process	0.0138885164138189	11	1.26520964950164	0.257383679809868	0.371540077742069	25500	7	339	1.25306629405372	0.326786353441978	0.396697788943406
GO:0090092	regulation of transmembrane receptor protein serine/threonine kinase signaling pathway	0.00825323806357993	7	1.35487532772655	0.262026996700074	0.377203698546261	42624	6	133	2.73763355757816	0.0232520209861228	0.0527448441416811
GO:0022411	cellular component disassembly	0.00830279245212214	7	1.3467888894826	0.266726777077706	0.382917345722515	86600	7	175	2.42736842105263	0.0265970078859351	0.058313105155774
GO:0002040	sprouting angiogenesis	0.00972658071738645	8	1.31387926414997	0.267714851526887	0.383285743716089	38866	8	152	3.19390581717452	0.00386517139195839	0.0129830115986295
GO:1903522	regulation of blood circulation	0.00554597015207358	5	1.44018453548619	0.268960103560007	0.384019330423553	32590	4	108	2.24756335282651	0.103641428648483	0.174624143446318
GO:0045333	cellular respiration	0.00706376363216249	6	1.35687786792591	0.28344364867803	0.402579002217282	28421	3	168	1.08364661654135	0.524832652365671	0.567035690390952
GO:0046434	organophosphate catabolic process	0.00566850741357576	5	1.40905177757295	0.283495518736979	0.402579002217282	14126	2	139	0.873154108292314	0.669861677446328	0.700486343723351
GO:0061371	determination of heart left/right asymmetry	0.011369670309174	9	1.26450428325184	0.285668470827728	0.404568320847918	37360	8	220	2.2066985645933	0.0303467330834344	0.064641008681787
GO:0060271	cilium assembly	0.0144809030505074	11	1.21345229111315	0.300932648092969	0.42439942711556	52989	6	355	1.02564862861379	0.531587647081778	0.57315211331451
GO:0060627	regulation of vesicle-mediated transport	0.00866063126691855	7	1.29114244465192	0.301291196349214	0.42439942711556	135060	6	157	2.31914180355347	0.0463699338432162	0.0903265625793505
GO:0009259	ribonucleotide metabolic process	0.00869290781254926	7	1.28634846559115	0.304456115516719	0.42770778694574	35922	4	205	1.18408215661104	0.437711060793471	0.49645150618134
GO:0048483	autonomic nervous system development	0.00588664363148463	5	1.35683777502086	0.30971378118578	0.433930538345853	24955	3	72	2.52850877192982	0.1159979523601	0.192351034926241
GO:0051056	regulation of small GTPase mediated signal transduction	0.00876106321533812	7	1.27634150688713	0.31116098195336	0.434795612116162	117395	2	135	0.899025341130604	0.654238767521363	0.685642228362388
GO:0007601	visual perception	0.0073450400400688	6	1.30491658104718	0.313637701057301	0.437090838707516	68147	4	166	1.46227013316424	0.293143884488134	0.368363058685329
GO:0006163	purine nucleotide metabolic process	0.0103896876523679	8	1.23002280176752	0.327437792209756	0.455112475113825	36418	5	247	1.22842531429789	0.385021180592869	0.453176551756302
GO:0019693	ribose phosphate metabolic process	0.00896443678926364	7	1.24738551780414	0.331323251389663	0.459294665947575	35922	4	211	1.15041157395859	0.459471018172637	0.515552063217263
GO:0050953	sensory perception of light stimulus	0.00752554766720732	6	1.27361687954041	0.333281940654487	0.460790862540768	68147	4	170	1.42786377708978	0.307914022113218	0.381434864272639
GO:0019953	sexual reproduction	0.0134775098552693	10	1.18526649700969	0.338352296104552	0.466345125889765	54382	7	337	1.26050288927065	0.32151983981909	0.391805572244659
GO:0003006	developmental process involved in reproduction	0.00904214497832189	7	1.23666548733809	0.339079185045803	0.466345125889765	60267	6	215	1.69351285189718	0.146044062225014	0.230035747661926
GO:0030522	intracellular receptor signaling pathway	0.00617628631990909	5	1.29320760625001	0.344991594513543	0.473234543259415	77237	5	97	3.12805208898535	0.0223798088965762	0.0509870428774171
GO:0030239	myofibril assembly	0.00764228216323502	6	1.2541626090241	0.346064729578117	0.473467149605569	64494	6	122	2.98446937014668	0.0159109379805611	0.038244639916578
GO:0044782	cilium organization	0.0151247732692079	11	1.161794935452	0.350232103666154	0.477920891461106	52989	6	378	0.963241436925647	0.592658046633453	0.627379427143291
GO:0043066	negative regulation of apoptotic process	0.0107144879073688	8	1.19273574492216	0.357523643032141	0.486603607659329	162764	5	257	1.1806266639361	0.417466598447276	0.48077471997005
GO:0007626	locomotory behavior	0.010736669836006	8	1.19027155634404	0.359590806282291	0.487927439295982	175880	5	185	1.64011379800853	0.191293713062006	0.279994149844947
GO:0051216	cartilage development	0.0152547781314795	11	1.15189384156067	0.360358624060201	0.487927439295982	74301	6	210	1.73383458646617	0.135117198724812	0.217175677161958
GO:0006338	chromatin remodeling	0.0107596303443334	8	1.18773157689245	0.361731842803875	0.488524447498017	61181	5	275	1.10334928229665	0.47500224149177	0.527198818227159
GO:0045597	positive regulation of cell differentiation	0.0153282621115805	11	1.14637164057562	0.366101106167628	0.493154189284928	112110	9	190	2.87451523545706	0.00450341836407872	0.0140879095139001
GO:0022407	regulation of cell-cell adhesion	0.00640723735211547	5	1.2465935017449	0.373304730636102	0.501568407316199	99207	4	114	2.12927054478301	0.119854292922726	0.196261404660963
GO:0006397	mRNA processing	0.017045423759618	12	1.12460267012523	0.381115106645122	0.510752726041034	264826	7	348	1.22065940713854	0.350635812999611	0.420962388824147
GO:0045596	negative regulation of cell differentiation	0.00649276861050733	5	1.23017173819479	0.383797205331569	0.513035039779955	61879	4	116	2.09255898366606	0.125487745047525	0.20420987082268
GO:0035050	embryonic heart tube development	0.0110378221133786	8	1.15779658200555	0.387753961995145	0.517005282660193	43479	7	190	2.23573407202216	0.0388819929758598	0.0783621704590406
GO:0043069	negative regulation of programmed cell death	0.0110842359544117	8	1.15294845474383	0.392105276214336	0.521118743148394	162764	5	265	1.14498510427011	0.443220757765817	0.501614853281399
GO:0048871	multicellular organismal-level homeostasis	0.0172092526636775	12	1.11389666059945	0.393416114826074	0.521118743148394	36316	8	326	1.48918308040039	0.172739818287971	0.262364245747527
GO:1901605	alpha-amino acid metabolic process	0.00657455260902517	5	1.21486904467385	0.393822561615962	0.521118743148394	26874	5	164	1.85012836970475	0.135527569526641	0.217175677161958
GO:0048565	digestive tract development	0.00659605880227527	5	1.21090801139147	0.396456845845614	0.523148367528876	7323	4	114	2.12927054478301	0.119854292922726	0.196261404660963
GO:0009894	regulation of catabolic process	0.0172615976530063	12	1.11051882095884	0.39735314938262	0.523148367528876	50517	10	320	1.89638157894737	0.0409501736518651	0.0812798901271867
GO:0031667	response to nutrient levels	0.00662058820389676	5	1.20642157483578	0.39946014215791	0.524604296969285	79915	2	115	1.05537757437071	0.56725599928432	0.604150698424763
GO:0007498	mesoderm development	0.00819926413092768	6	1.16896643207136	0.407412220376369	0.533201839771693	31142	5	123	2.466837826273	0.0533670275881731	0.102059571008039
GO:0010638	positive regulation of organelle organization	0.00669943251190006	5	1.19222343580547	0.409102294415974	0.533201839771693	141653	4	137	1.7718017671917	0.19062778457705	0.279850502900967
GO:0051049	regulation of transport	0.0205156618048226	14	1.09010459741245	0.409495015345144	0.533201839771693	85835	11	398	1.67720179846601	0.067720719772455	0.125374745569598
GO:0010564	regulation of cell cycle process	0.0112758459346675	8	1.13335644968014	0.410076987458001	0.533201839771693	89037	6	243	1.49837556855101	0.213853070223537	0.304508176079167
GO:0048609	multicellular organismal reproductive process	0.00976436530018693	7	1.14519564584336	0.411847363398352	0.534178263417664	58998	6	223	1.63275902761388	0.164325111889122	0.253253995970294
GO:0031099	regeneration	0.01447278801379	10	1.10375698720578	0.420547469021731	0.543172036966608	38340	6	233	1.5626835328665	0.18845477133794	0.278955650229042
GO:0016071	mRNA metabolic process	0.0237913695057031	16	1.07430156238728	0.420854669863441	0.543172036966608	211619	11	491	1.35952406474435	0.190661506747414	0.279850502900967
GO:0010927	cellular component assembly involved in morphogenesis	0.00835916907617639	6	1.14660493757178	0.424993042703293	0.54582439798168	64494	6	136	2.67724458204334	0.025591255288068	0.0563437721468388
GO:0032989	cellular anatomical entity morphogenesis	0.00835916907617639	6	1.14660493757178	0.424993042703293	0.54582439798168	64494	6	136	2.67724458204334	0.025591255288068	0.0563437721468388
GO:0061448	connective tissue development	0.016204339581491	11	1.08439377585598	0.435104273374755	0.55744410574174	74301	6	226	1.61108523521192	0.171420887390211	0.261117863350205
GO:1901987	regulation of cell cycle phase transition	0.00692737966218126	5	1.15299302720321	0.436840237482884	0.557625626831723	133631	4	152	1.59695290858726	0.242384855671288	0.325723140153561
GO:0000226	microtubule cytoskeleton organization	0.0177926821827779	12	1.07737152142452	0.437374298908088	0.557625626831723	48587	7	408	1.04115067079463	0.509688248016505	0.554059522956869
GO:0032984	protein-containing complex disassembly	0.00695269661648579	5	1.14879461709081	0.439904545535432	0.559490247234384	73347	5	145	2.09255898366606	0.0925794731993989	0.159577776172648
GO:0034655	nucleobase-containing compound catabolic process	0.013404046582075	9	1.07258630571591	0.46221651085178	0.586444192945116	30958	6	296	1.2300853485064	0.362335425684931	0.430530074963501
GO:0042391	regulation of membrane potential	0.0103076883020209	7	1.08483185546131	0.466370645032327	0.590285550717245	83717	5	157	1.93261816962789	0.118793526212715	0.195747823067492
GO:0051248	negative regulation of protein metabolic process	0.00723650340838513	5	1.10374030060282	0.473954635531846	0.598439106069126	19198	5	168	1.80607769423559	0.145534424161326	0.230035747661926
GO:1902903	regulation of supramolecular fiber organization	0.0106469392169448	7	1.05026509481725	0.499830357814493	0.628408439412987	90476	7	182	2.33400809716599	0.0319435645781061	0.0669537113557104
GO:0030099	myeloid cell differentiation	0.0122456207767237	8	1.0436018678568	0.500088395487053	0.628408439412987	86571	6	257	1.41675199672333	0.251208676464918	0.334061627334442
GO:0044283	small molecule biosynthetic process	0.012339683970887	8	1.03564667829466	0.508636553177122	0.637620942260316	36151	7	318	1.33581595498179	0.272367408307853	0.348098834032476
GO:0006520	amino acid metabolic process	0.00917131742294601	6	1.04506954614405	0.512486993800166	0.640914522079444	26617	6	233	1.5626835328665	0.18845477133794	0.278955650229042
GO:0010720	positive regulation of cell development	0.0075838431312781	5	1.05318903740804	0.514663381133875	0.642103837414644	63580	5	79	3.84077281812125	0.00993559017243644	0.0269753847168741
GO:0007276	gamete generation	0.00921336348713574	6	1.04030027146155	0.516893375936081	0.642347447599408	67263	5	210	1.44486215538847	0.266052627062356	0.345078159853155
GO:0043254	regulation of protein-containing complex assembly	0.00760681054190771	5	1.05000912054808	0.517310349020897	0.642347447599408	72409	5	141	2.15192235908921	0.0845763232144443	0.1497229505553
GO:0009117	nucleotide metabolic process	0.0125054186005888	8	1.02192122661558	0.523581976319883	0.648598003762692	36418	5	289	1.04989983609543	0.518431563818275	0.561277147604909
GO:0031032	actomyosin structure organization	0.0109070296984239	7	1.02522033361786	0.52502077403179	0.64884642828457	56916	7	182	2.33400809716599	0.0319435645781061	0.0669537113557104
GO:0006325	chromatin organization	0.0159760783764589	10	0.99989750414015	0.543208000236029	0.668549964515319	60615	7	398	1.06731023538746	0.483746489833747	0.532416562904006
GO:0015711	organic anion transport	0.0111012528902994	7	1.00728347842336	0.543515810846424	0.668549964515319	68930	4	256	0.948190789473684	0.6104677757022	0.642339587285046
GO:0015980	energy derivation by oxidation of organic compounds	0.00949881785857446	6	1.00903761704297	0.546382334091278	0.67050197438836	28421	3	224	0.812734962406015	0.716115332497611	0.741589790965905
GO:0008610	lipid biosynthetic process	0.0179136747090438	11	0.980920177988626	0.56667511689577	0.693779816012578	50123	9	426	1.28206078576724	0.271873604301858	0.348098834032476
GO:0007600	sensory perception	0.0163633762171207	10	0.976231352418267	0.573388135720778	0.700362198409528	88763	6	443	0.821908043245812	0.739398410381371	0.759695621646742
GO:0007264	small GTPase-mediated signal transduction	0.0197109479277717	12	0.972521927597091	0.578060402575584	0.703189182538494	74368	5	319	0.951163174393664	0.605744218288533	0.639939456417724
GO:0120031	plasma membrane bounded cell projection assembly	0.0180732435121745	11	0.972259626347026	0.5783865222788	0.703189182538494	52989	6	419	0.868986308252732	0.690076320008294	0.716039587493755
GO:0006897	endocytosis	0.016528054104353	10	0.966504634708418	0.585962113619267	0.710750341519667	80855	8	320	1.51710526315789	0.161104382450261	0.249022703256451
GO:0032259	methylation	0.00829829629245749	5	0.962513287762949	0.593824337657774	0.718623447881463	104112	4	197	1.23216671119423	0.408327974433867	0.474267223002042
GO:0048925	lateral line system development	0.00999615220119187	6	0.958835394242837	0.595728047502943	0.719266121869912	60274	5	152	1.99619113573407	0.107478923020736	0.179932765696057
GO:0044770	cell cycle phase transition	0.00833607328272553	5	0.958151419306246	0.597808517427752	0.720118765821017	133631	4	193	1.25770384510499	0.393516410234931	0.460273658399785
GO:0007169	cell surface receptor protein tyrosine kinase signaling pathway	0.0284800454228913	17	0.953529010137717	0.612034687198746	0.735564624064548	147356	12	376	1.93673012318029	0.0233687763224491	0.0527812016938075
GO:0060026	convergent extension	0.0101973308430121	6	0.939918953723977	0.614861765396012	0.73727131594396	155320	6	174	2.09255898366606	0.0691638648921754	0.126719808403846
GO:0071805	potassium ion transmembrane transport	0.0119175170798814	7	0.938291806191339	0.617612499280363	0.737891152677574	59416	5	187	1.62257247396566	0.19698539937555	0.286723192424411
GO:0010628	positive regulation of gene expression	0.0102329370592327	6	0.936648440351094	0.618195068750868	0.737891152677574	89705	6	190	1.91634349030471	0.0955938881449567	0.164233434058876
GO:0140694	membraneless organelle assembly	0.0136444572194708	8	0.936611292783298	0.621106749228902	0.739681674081693	71829	8	274	1.7718017671917	0.0855543184344223	0.150437794830998
GO:0048882	lateral line development	0.00858976463981855	5	0.929853236054797	0.623985442763936	0.74142487983742	72307	4	133	1.82508903838544	0.177467581441984	0.267991390995965
GO:0008015	blood circulation	0.0170774828827288	10	0.935409568509908	0.626648297399408	0.742904316373959	145907	6	305	1.19378774805867	0.388643487504628	0.455591023383502
GO:0006091	generation of precursor metabolites and energy	0.0104183950175218	6	0.919975151702503	0.635290388513701	0.751449579190021	28421	3	246	0.7400513478819	0.772824965129667	0.790938050249893
GO:0003013	circulatory system process	0.0172414733006602	10	0.926512521059149	0.638383974421405	0.753408113956793	145907	6	312	1.167004048583	0.409100734345273	0.474267223002042
GO:0033365	protein localization to organelle	0.0121846154688022	7	0.917723555152726	0.640390365594272	0.75407764398067	70563	6	304	1.19771468144044	0.385718973441432	0.453176551756302
GO:0007369	gastrulation	0.0172994705852752	10	0.92340634447887	0.642486899734212	0.754850079508357	65213	8	300	1.61824561403509	0.125160031868275	0.20420987082268
GO:0030031	cell projection assembly	0.0191611050112629	11	0.917060105546983	0.654258700270393	0.766726119057728	52989	6	438	0.831290555155011	0.729608186936003	0.752548314368106
GO:0043161	proteasome-mediated ubiquitin-dependent protein catabolic process	0.0123674415792557	7	0.904156979803664	0.655521567438668	0.766726119057728	21310	6	277	1.31445943378301	0.307296224247307	0.381434864272639
GO:0072521	purine-containing compound metabolic process	0.0142096004693057	8	0.899360453044415	0.665314776193769	0.776447533909877	36418	5	351	0.864447443394812	0.688031646293692	0.715334489400584
GO:0061024	membrane organization	0.0195047029961236	11	0.900905027239729	0.676592251254256	0.787854088127178	68109	9	425	1.2850773993808	0.269699519687077	0.347750246708305
GO:0006813	potassium ion transport	0.0127736027216484	7	0.875407578415357	0.687740154919851	0.7990595148071	59416	5	201	1.509557475779	0.238324760078711	0.323528948915141
GO:0010256	endomembrane system organization	0.0128312880222032	7	0.87147203046558	0.692155961796624	0.801283832860339	98859	5	302	1.00470547229	0.557341168540058	0.595222801492453
GO:0001525	angiogenesis	0.0231825712650314	13	0.895792486757665	0.692712931843003	0.801283832860339	31968	12	367	1.98422486734548	0.0198176196581346	0.0461530342260557
GO:0010629	negative regulation of gene expression	0.0183438337757872	10	0.870834368094525	0.711824125860971	0.821576744385791	35074	10	433	1.40148292208582	0.180975684896968	0.271722804830978
GO:0010498	proteasomal protein catabolic process	0.0149446383663892	8	0.855126260157385	0.717958636411453	0.826835880174948	32934	7	344	1.23485312117503	0.340008887990606	0.410517643564694
GO:1903047	mitotic cell cycle process	0.0151649991963028	8	0.842700520470226	0.732619931623264	0.841870272303927	118512	6	335	1.08688138256088	0.475605018922212	0.527198818227159
GO:0006914	autophagy	0.0116626454291092	6	0.821825939492127	0.737626460867401	0.843921977062266	30221	5	260	1.167004048583	0.427151861370689	0.48764177637961
GO:0061919	process utilizing autophagic mechanism	0.0116626454291092	6	0.821825939492127	0.737626460867401	0.843921977062266	30221	5	260	1.167004048583	0.427151861370689	0.48764177637961
GO:0043408	regulation of MAPK cascade	0.0134863199538201	7	0.829144545323552	0.739432254911393	0.844144883602549	34295	6	224	1.62546992481203	0.166676259574046	0.255964955681298
GO:0050776	regulation of immune response	0.00997966881326563	5	0.800349249733339	0.748063921156064	0.852142379751691	110019	5	224	1.35455827067669	0.310444627663462	0.3836627002256
GO:0051094	positive regulation of developmental process	0.0224978490804248	12	0.852051634134281	0.7498614549129	0.852337098425943	112839	10	294	2.0640887934121	0.0250662154250075	0.0556554952656945
GO:0051726	regulation of cell cycle	0.019054578329985	10	0.838351844786336	0.75378100818932	0.854937766864078	89123	7	440	0.965430622009569	0.589214643882769	0.624996909705609
GO:0006511	ubiquitin-dependent protein catabolic process	0.0191628947782279	10	0.833613140365315	0.759790498658516	0.859771927616511	53368	9	429	1.2730953257269	0.278426632818536	0.354977020917063
GO:0007610	behavior	0.0191908477217494	10	0.832398918806722	0.761324760332177	0.859771927616511	142072	7	326	1.30303519535034	0.292842781319951	0.368363058685329
GO:0030155	regulation of cell adhesion	0.0102233014453367	5	0.78127603788184	0.766336714193157	0.86357083491874	99207	4	177	1.37139458816533	0.33392018522556	0.404097406600909
GO:0009725	response to hormone	0.0175623944618147	9	0.818623954516637	0.769845233772706	0.865188417544921	56462	8	314	1.54609453570231	0.149850580196455	0.235094922224379
GO:0019941	modification-dependent protein catabolic process	0.0193714671661839	10	0.824637636247539	0.771074410292897	0.865188417544921	53368	9	438	1.24693583273252	0.298342375579743	0.373105978051994
GO:1902533	positive regulation of intracellular signal transduction	0.017655673554446	9	0.814298970853563	0.775017472783212	0.86750861583642	47291	8	312	1.55600539811066	0.146186839640117	0.230035747661926
GO:0043632	modification-dependent macromolecule catabolic process	0.019473438327998	10	0.820319484700417	0.776453322189468	0.86750861583642	53368	9	441	1.23845327604726	0.305058642446852	0.379692942142875
GO:0010608	post-transcriptional regulation of gene expression	0.0141478448811332	7	0.790375404886573	0.7817801532231	0.87160170274235	43853	7	306	1.38820089439284	0.242427527976887	0.325723140153561
GO:0051493	regulation of cytoskeleton organization	0.0160578002542568	8	0.795847034668849	0.786632171048663	0.875149166941613	79858	8	296	1.64011379800853	0.118526270211845	0.195747823067492
GO:0006887	exocytosis	0.0106278246714132	5	0.751538597429862	0.794430573521852	0.881952585859005	119556	4	182	1.33371891266628	0.352559563311893	0.421783587158521
GO:0048589	developmental growth	0.0252886320878452	13	0.821190054519424	0.798823085206414	0.884954115535224	68832	10	383	1.5844441390683	0.104413059124431	0.175360394170519
GO:1901701	cellular response to oxygen-containing compound	0.0164769059742287	8	0.77560391105243	0.809033777050193	0.891510028090579	67940	5	283	1.07215919657802	0.49999291904349	0.544690830725132
GO:0046903	secretion	0.0164830062289288	8	0.775316865028296	0.809346189315041	0.891510028090579	77254	6	294	1.23845327604726	0.356499124109903	0.424558047803612
GO:0040012	regulation of locomotion	0.0201495333250626	10	0.792794584214969	0.809844987349457	0.891510028090579	84915	9	307	1.77901594376822	0.0697474802727166	0.127343831578061
GO:0051240	positive regulation of multicellular organismal process	0.022377096064046	11	0.78526207930344	0.82784552700461	0.909415212055379	99211	9	320	1.70674342105263	0.0850014986019143	0.14996897396432
GO:0022613	ribonucleoprotein complex biogenesis	0.0132269466215414	6	0.724631678873765	0.834886408142399	0.915231125243969	141122	6	336	1.08364661654135	0.47845434742027	0.528924215291607
GO:0098657	import into cell	0.0244330109710175	12	0.784566793516409	0.837284287323689	0.915943562750757	72806	10	474	1.28025760604042	0.258303007104405	0.336693830120618
GO:0006753	nucleoside phosphate metabolic process	0.0173293023354604	8	0.73745338780919	0.849016280423698	0.92684277279587	36418	5	403	0.752905837795481	0.795118249413379	0.807445664132966
GO:0040007	growth	0.0266306301425197	13	0.779807802211262	0.851058754399336	0.927140929948549	68832	10	407	1.49101254364412	0.138414839410274	0.221126145887145
GO:0030334	regulation of cell migration	0.0174616256810469	8	0.731865002095771	0.854580889268757	0.929046443935329	101411	8	264	1.83891547049442	0.0725840992040942	0.131605771567285
GO:1901700	response to oxygen-containing compound	0.0213868441620003	10	0.746928381465077	0.861084800451012	0.932672433335216	58262	7	395	1.07541638907395	0.475887482865355	0.527198818227159
GO:0000165	MAPK cascade	0.0157573920450633	7	0.709642090151675	0.863091423068272	0.932672433335216	34295	6	259	1.40581182686446	0.256691161721251	0.336311005628092
GO:0032940	secretion by cell	0.0157613484446945	7	0.709463956427036	0.863255973602251	0.932672433335216	86259	5	275	1.10334928229665	0.47500224149177	0.527198818227159
GO:0009628	response to abiotic stimulus	0.0199978959574104	9	0.718925472746263	0.87859632365336	0.947293155543952	50826	7	403	1.05406817291367	0.49676950619877	0.542306710933658
GO:0006869	lipid transport	0.0123801059233648	5	0.645165760028769	0.886635699233452	0.952065898112336	61037	3	258	0.70563035495716	0.799639127361071	0.810465962741202
GO:0055086	nucleobase-containing small molecule metabolic process	0.0183161375979082	8	0.697720938562638	0.886656790608435	0.952065898112336	36418	5	436	0.695919845485273	0.846600795721674	0.848219535292843
GO:2000145	regulation of cell motility	0.0184326111869121	8	0.693312118726236	0.890537797389249	0.954277721537764	101411	8	286	1.69746043430254	0.102792052130434	0.173751726826928
GO:0048514	blood vessel morphogenesis	0.0281864235572383	13	0.736765099721435	0.897777701805111	0.959106475783208	31968	12	454	1.60398794342685	0.0755268882958277	0.135071977703119
GO:0032956	regulation of actin cytoskeleton organization	0.0127056240177964	5	0.628636612896533	0.899162411708693	0.959106475783208	107249	5	217	1.39825369876304	0.288091626344982	0.36640779661352
GO:0032970	regulation of actin filament-based process	0.0127433878936902	5	0.626773705227883	0.900535087949119	0.959106475783208	107249	5	219	1.38548425859168	0.294450089434424	0.369119250869948
GO:0010876	lipid localization	0.0129468436050121	5	0.61692414699381	0.907654686825746	0.964728308106878	61037	3	269	0.676775582077871	0.821840161842031	0.828162009240816
GO:0002682	regulation of immune system process	0.0190918307452845	8	0.669372826846968	0.910468851607559	0.964741751760057	75993	8	436	1.11347175277644	0.429126674067549	0.488831254807382
GO:0051246	regulation of protein metabolic process	0.019123726974063	8	0.668256388150045	0.911349555574863	0.964741751760057	41326	7	419	1.01381735962819	0.537688445958437	0.577353987053731
GO:0022603	regulation of anatomical structure morphogenesis	0.0232697756414809	10	0.686488823127823	0.917337327841839	0.969122499574846	117249	10	320	1.89638157894737	0.0409501736518651	0.0812798901271867
GO:0040011	locomotion	0.0253685441820016	11	0.692664303397133	0.921113975246628	0.969946364885186	88182	10	434	1.39825369876304	0.182722634188605	0.273561886613797
GO:0051130	positive regulation of cellular component organization	0.0176182251137635	7	0.634689848381068	0.924370324459152	0.969946364885186	131683	6	271	1.3435618566712	0.290206644300361	0.366933902071425
GO:0010975	regulation of neuron projection development	0.0135114967913896	5	0.591142533695773	0.925129925643446	0.969946364885186	83735	4	147	1.65127103472968	0.22476185254375	0.309121288012927
GO:0140352	export from cell	0.0176918222916209	7	0.632049567414778	0.926205083829224	0.969946364885186	86259	5	311	0.975630394313759	0.583340880039168	0.620021543895586
GO:0051668	localization within membrane	0.0177525735948207	7	0.629886622718209	0.927690279779226	0.969946364885186	69612	6	328	1.11007702182285	0.455541522193709	0.512239823239278
GO:0051301	cell division	0.017816438526551	7	0.627628726669132	0.929223425901457	0.969946364885186	124166	5	370	0.820056899004267	0.731005900788866	0.752548314368106
GO:0051604	protein maturation	0.0140369262649542	5	0.569014917975735	0.938690245434858	0.97523992158321	40807	5	348	0.871899576527526	0.680838657705425	0.709263333275632
GO:0006886	intracellular protein transport	0.0161630003130484	6	0.593000331071176	0.938725743583353	0.97523992158321	71002	6	385	0.945727956254272	0.610395450601147	0.642339587285046
GO:0007411	axon guidance	0.0244536454034975	10	0.653253968109145	0.941739313589894	0.97523992158321	71499	7	289	1.4698597705336	0.202015656800324	0.290813747701565
GO:0097485	neuron projection guidance	0.0244536454034975	10	0.653253968109145	0.941739313589894	0.97523992158321	71499	7	289	1.4698597705336	0.202015656800324	0.290813747701565
GO:0000278	mitotic cell cycle	0.0210291647903851	8	0.607706147297775	0.952111332296732	0.984036169868812	118512	6	495	0.735566188197767	0.826342803330727	0.831101015250098
GO:0048878	chemical homeostasis	0.0212132491905329	8	0.602432592992792	0.95499023154178	0.985068664031285	69808	7	454	0.935659633665662	0.621914206227061	0.653072232591142
GO:0051640	organelle localization	0.014998060114864	5	0.532550235571367	0.957912563619483	0.986141814020843	28816	5	298	1.01819145178382	0.545531364128145	0.584577576284556
GO:0032870	cellular response to hormone stimulus	0.0151306547209277	5	0.527883333180353	0.960082006632462	0.986437198971392	78492	5	256	1.18523848684211	0.41423200852544	0.479155789111105
GO:0016567	protein ubiquitination	0.0196957849502597	7	0.567741202213453	0.963255216903524	0.986765661935928	74235	6	447	0.814553161427058	0.74704650810372	0.766051605178766
GO:0090407	organophosphate biosynthetic process	0.0176089511805037	6	0.544306383639314	0.964167975021365	0.986765661935928	85088	5	403	0.752905837795481	0.795118249413379	0.807445664132966
GO:0006412	translation	0.0185587949346759	6	0.516448647149653	0.975179664042931	0.996089949236834	40697	6	464	0.784709618874773	0.777736535854411	0.79441314773433
GO:0044087	regulation of cellular component biogenesis	0.0188154190799813	6	0.509404786361567	0.977565435719055	0.996584218515146	60818	6	317	1.14859704466213	0.423677436480291	0.486857405078229
GO:0032446	protein modification by small protein conjugation	0.0212862748577666	7	0.525320127683973	0.979614022340214	0.99673349069179	74235	6	489	0.744591540200194	0.817653898081589	0.827124792653963
GO:0007409	axonogenesis	0.0345543026016476	13	0.600989503459088	0.983329488482646	0.997791603773203	71254	10	459	1.32209608989795	0.2287544830157	0.312381699394579
GO:0120035	regulation of plasma membrane bounded cell projection organization	0.017546074658451	5	0.455214092197957	0.98535592051685	0.997791603773203	83735	4	214	1.1342843089031	0.470243038148951	0.525388810213326
GO:0031344	regulation of cell projection organization	0.0177123442165747	5	0.45094090029089	0.98636650907351	0.997791603773203	83735	4	217	1.11860295901043	0.480934959147931	0.530547197038981
GO:0007015	actin filament organization	0.018894199196574	5	0.4227340023351	0.991865948003789	0.998067634102003	61067	5	344	0.88203794369645	0.671076611734966	0.700486343723351
GO:0007268	chemical synaptic transmission	0.0305743764733163	9	0.470230253678577	0.996803140128261	0.998067634102003	101805	9	403	1.35523050803187	0.223353227531177	0.309121288012927
GO:0098916	anterograde trans-synaptic signaling	0.0305743764733163	9	0.470230253678577	0.996803140128261	0.998067634102003	101805	9	403	1.35523050803187	0.223353227531177	0.309121288012927
GO:0099537	trans-synaptic signaling	0.0305945160107272	9	0.469920713897578	0.99682844909931	0.998067634102003	101805	9	404	1.35187597707139	0.225391926735538	0.309176360234089
GO:0099536	synaptic signaling	0.0316282910696373	9	0.45456129050594	0.997899757786447	0.998067634102003	101805	9	418	1.30659783429867	0.254633353860983	0.335245923173756
GO:1901137	carbohydrate derivative biosynthetic process	0.0220414819721605	5	0.362372206069111	0.998067634102003	0.998067634102003	81305	5	429	0.707275180959391	0.836670381502731	0.839876015148335
