ID	Description	FoldEnrichment_actinopterygii	FoldEnrichment_gnathostomata	p.adjust_actinopterygii	p.adjust_gnathostomata	p.adjust_hyper_actinopterygii	p.adjust_hyper_gnathostomata	delta_FE	log2ratio_FE	signif_both
GO:0043269	regulation of monoatomic ion transport	1.68593294039564	0.272542614576922	0.239895273114799	1	0.207571515982353	0.922404204786594	1.41339032581872	2.62899342138812	FALSE
GO:0021555	midbrain-hindbrain boundary morphogenesis	9.45477400329638	1.83411482059608	0.00122448481562351	0.29531961517405	0.0383880719491398	0.0483558625825359	7.62065918270031	2.36595901555432	FALSE
GO:0090263	positive regulation of canonical Wnt signaling pathway	3.06081731189753	0.593762515416131	0.0561582057035237	1	0.0269753847168741	0.741624213288416	2.4670547964814	2.36595901555432	FALSE
GO:0043244	regulation of protein-containing complex disassembly	1.90296516801122	0.369152833955694	0.2090634692952	1	0.0250661339988449	0.386877691053885	1.53381233405553	2.36595901555432	FALSE
GO:0034765	regulation of monoatomic ion transmembrane transport	1.87617701688042	0.363956248084023	0.214009695018132	1	0.279850502900967	0.830302192734507	1.5122207687964	2.36595901555432	FALSE
GO:0032984	protein-containing complex disassembly	1.14879461709081	0.222852627920311	0.559490247234384	1	0.159577776172648	0.83472571182167	0.925941989170495	2.36595901555432	FALSE
GO:2001234	negative regulation of apoptotic signaling pathway	3.81297949312041	0.862951974943376	0.016514610850091	1	0.0227255033076932	0.280025065036203	2.95002751817704	2.14356659421788	FALSE
GO:0034762	regulation of transmembrane transport	1.63268628949738	0.380066297077916	0.298680325162644	1	0.336693830120618	0.777825012737674	1.25261999241947	2.10292460972053	FALSE
GO:0098742	cell-cell adhesion via plasma-membrane adhesion molecules	2.28375751872426	0.549347361739857	0.000963444498170879	1	1.09403157674213e-06	0.000624773754291736	1.7344101569844	2.05561889494217	FALSE
GO:0007156	homophilic cell adhesion via plasma membrane adhesion molecules	2.66083032525052	0.645212187638218	0.000206213143444467	1	5.48651510955742e-07	0.000148294939877524	2.0156181376123	2.04403092066696	FALSE
GO:0031347	regulation of defense response	1.71362833168124	0.443231623027561	0.149829035736324	1	0.156637938198751	0.800956677024697	1.27039670865368	1.95092151627548	FALSE
GO:0042180	ketone metabolic process	2.38521457672638	0.647784956629376	0.114977882115864	1	0.0802435180456077	0.3948654657356	1.737429620097	1.88053218838408	FALSE
GO:0021984	adenohypophysis development	8.9060591807226	2.46810086640947	0.000184043632301349	0.028364499794267	0.000805579047706148	0.00348158336289677	6.43795831431313	1.85138584272457	TRUE
GO:0042445	hormone metabolic process	2.60734269454182	0.722562542291904	0.0466643428534777	1	0.0261488107558292	0.247893880781783	1.88478015224992	1.85138584272457	FALSE
GO:0060828	regulation of canonical Wnt signaling pathway	3.17056871407439	0.884138680377345	0.000527709186031353	1	0.0020888772083622	0.01387491046811	2.28643003369705	1.84239705949731	FALSE
GO:0090090	negative regulation of canonical Wnt signaling pathway	3.34007531328583	0.935906514462007	0.00654214575586587	0.939461856377342	0.0122193427837264	0.026169487531321	2.40416879882382	1.83544429885554	FALSE
GO:0010817	regulation of hormone levels	2.27133968942891	0.685398238410458	0.0467594729901735	1	0.0360080974189871	0.194313253764524	1.58594145101845	1.72852909493903	FALSE
GO:0048678	response to axon injury	2.95440158646992	0.916990588474828	0.0626571861793677	0.95064079216803	0.0549311915446229	0.0747337866474056	2.03741099799509	1.68788711044169	FALSE
GO:0051129	negative regulation of cellular component organization	1.33587305311838	0.421108417503773	0.368368541448328	1	0.0201209045022996	0.348551326581965	0.914764635614611	1.66551929741323	FALSE
GO:0019216	regulation of lipid metabolic process	2.05473017082854	0.664322428952933	0.136155378581071	1	0.0322355448856519	0.445878883794122	1.39040774187561	1.62899342138812	FALSE
GO:2001233	regulation of apoptotic signaling pathway	2.19463684706603	0.70955617511793	0.110975919894547	1	0.102911079349473	0.308454117506447	1.4850806719481	1.62899342138812	FALSE
GO:0022411	cellular component disassembly	1.3467888894826	0.447876317579055	0.382917345722515	1	0.058313105155774	0.749815127684777	0.898912571903543	1.58835143689077	FALSE
GO:0030100	regulation of endocytosis	2.95473954627155	1.03173242043346	0.0626571861793677	0.809593201573319	0.0295178466064466	0.331252975112159	1.92300712583808	1.51796210899937	FALSE
GO:0032870	cellular response to hormone stimulus	0.527883333180353	1.49508599688105	0.986437198971392	0.00288989615986219	0.479155789111105	0.0466731407689797	-0.967202663700698	-1.50193744843833	FALSE
GO:0000381	regulation of alternative mRNA splicing, via spliceosome	2.97622574836223	1.07222653239062	0.0263933635145352	0.731275799990638	0.0373280943819762	0.224918584098598	1.9039992159716	1.47287421947084	FALSE
GO:0030178	negative regulation of Wnt signaling pathway	2.48761297342854	0.916878484845337	0.0226874399902794	0.982501726563934	0.0140742122955127	0.00208219843117926	1.5707344885832	1.4399595969981	FALSE
GO:0060070	canonical Wnt signaling pathway	3.28471251896686	1.248903276192	6.10075499440408e-06	0.171477544976056	0.000276704443657661	0.000136938259372396	2.03580924277486	1.39510536121384	FALSE
GO:0045879	negative regulation of smoothened signaling pathway	4.98082982749032	1.93244466811834	0.00555816320913601	0.0697022593398869	0.00226005765415314	0.159006974425846	3.04838515937198	1.36595901555432	FALSE
GO:0019364	pyridine nucleotide catabolic process	3.99926345459061	1.55162003258365	0.0241975276443681	0.257948623137412	0.306184432007195	0.331252975112159	2.44764342200696	1.36595901555432	FALSE
GO:0072526	pyridine-containing compound catabolic process	3.99926345459061	1.55162003258365	0.0241975276443681	0.257948623137412	0.306184432007195	0.331252975112159	2.44764342200696	1.36595901555432	FALSE
GO:0046031	ADP metabolic process	3.91332017646618	1.5182760647461	0.0257310599394542	0.278614064614706	0.309121288012927	0.340136649593341	2.39504411172008	1.36595901555432	FALSE
GO:0009135	purine nucleoside diphosphate metabolic process	3.88835451868485	1.50858997750029	0.0260058113543912	0.284480792764593	0.312381699394579	0.349887410026111	2.37976454118456	1.36595901555432	FALSE
GO:0009179	purine ribonucleoside diphosphate metabolic process	3.88835451868485	1.50858997750029	0.0260058113543912	0.284480792764593	0.312381699394579	0.349887410026111	2.37976454118456	1.36595901555432	FALSE
GO:0009191	ribonucleoside diphosphate catabolic process	3.81539078841744	1.48028176854622	0.0276057545122017	0.302529428182241	0.301712736551621	0.321999517370859	2.33510901987123	1.36595901555432	FALSE
GO:0009185	ribonucleoside diphosphate metabolic process	3.48359635255206	1.35155334161611	0.0377690384152965	0.409576143455463	0.335245923173756	0.39365984582662	2.13204301093595	1.36595901555432	FALSE
GO:0014902	myotube differentiation	1.892219241042	0.734136501327729	0.144753025265202	1	0.0278516202199993	0.352202069396012	1.15808273971427	1.36595901555432	FALSE
GO:0098900	regulation of action potential	8.50920483050925	3.30137107152079	0.00185890515421608	0.00487770411740565	0.00249633133520733	0.00427422173688382	5.20783375898847	1.36595901555432	TRUE
GO:0006096	glycolytic process	4.0897369814137	1.5867216302231	0.0227007750162993	0.23858517664718	0.288432441914098	0.301920891627457	2.5030153511906	1.36595901555432	FALSE
GO:0046032	ADP catabolic process	4.0897369814137	1.5867216302231	0.0227007750162993	0.23858517664718	0.288432441914098	0.301920891627457	2.5030153511906	1.36595901555432	FALSE
GO:0009137	purine nucleoside diphosphate catabolic process	4.06247746669661	1.5761455805095	0.023077220521809	0.244546054153549	0.293894781170481	0.310845321740663	2.48633188618711	1.36595901555432	FALSE
GO:0009181	purine ribonucleoside diphosphate catabolic process	4.06247746669661	1.5761455805095	0.023077220521809	0.244546054153549	0.293894781170481	0.310845321740663	2.48633188618711	1.36595901555432	FALSE
GO:0009134	nucleoside diphosphate catabolic process	3.52896031129757	1.3691534892298	0.0364334221722448	0.393265959772582	0.330422208587286	0.384039899655194	2.15980682206777	1.36595901555432	FALSE
GO:0000380	alternative mRNA splicing, via spliceosome	2.70524230477748	1.04957030231838	0.0393154055671847	0.76177869265753	0.0594984549216052	0.187381546275342	1.6556720024591	1.36595901555432	FALSE
GO:0009132	nucleoside diphosphate metabolic process	3.21779033338139	1.24842686625147	0.0488526324797811	0.517881172130815	0.377772789746151	0.469366933745121	1.96936346712992	1.36595901555432	FALSE
GO:0009611	response to wounding	1.30517942149118	0.506378876884711	0.371452973549831	1	0.330422208587286	0.544707505271735	0.798800544606473	1.36595901555432	FALSE
GO:0048882	lateral line development	0.929853236054797	2.3449475162733	0.74142487983742	8.71186287138584e-09	0.267991390995965	3.1704417041039e-05	-1.4150942802185	-1.33448070258677	FALSE
GO:0032101	regulation of response to external stimulus	1.45502580264501	0.588037233018137	0.212821515013788	1	0.132478289342559	0.525906865527845	0.866988569626869	1.30706532650076	FALSE
GO:0008610	lipid biosynthetic process	0.980920177988626	0.397872741997359	0.693779816012578	1	0.348098834032476	0.9022813604919	0.583047435991267	1.30182867813461	FALSE
GO:0001894	tissue homeostasis	2.22532780829484	0.91134004585817	0.0503023350470609	0.994346263745311	0.0699217343746729	0.333524637533643	1.31398776243667	1.28795650355305	FALSE
GO:0060249	anatomical structure homeostasis	2.16340152384921	0.88597933149683	0.0571764891422136	1	0.075489413645294	0.352202069396012	1.27742219235237	1.28795650355305	FALSE
GO:0072330	monocarboxylic acid biosynthetic process	1.89150436500919	0.807245060889575	0.212194076217948	1	0.148732303202562	0.565440956776426	1.08425930411962	1.22845549180439	FALSE
GO:0010638	positive regulation of organelle organization	1.19222343580547	0.508810076167118	0.533201839771693	1	0.279850502900967	0.525338560350719	0.68341335963835	1.22845549180439	FALSE
GO:0097190	apoptotic signaling pathway	1.7301501342681	0.745841672039274	0.144753025265202	1	0.0189763227492845	0.164117295657536	0.984308462228828	1.21395592210927	FALSE
GO:0048925	lateral line system development	0.958835394242837	2.20103284436097	0.719266121869912	1.90366999525436e-08	0.179932765696057	5.65862727630863e-07	-1.24219745011814	-1.1988256032292	FALSE
GO:0048066	developmental pigmentation	3.66286984050553	1.62412255179527	0.000361504933904707	0.0220322304861192	5.21526502922435e-05	0.00016688727826803	2.03874728871026	1.17331393761193	TRUE
GO:0008589	regulation of smoothened signaling pathway	3.58681653603091	1.59040039067182	0.0128069574541985	0.126692781892944	0.00361567377560623	0.112740846469672	1.9964161453591	1.17331393761193	FALSE
GO:0001508	action potential	1.46955870517112	0.665179862210501	0.339585685154572	1	0.106139727046332	0.10786376032096	0.804378842960622	1.14356659421788	FALSE
GO:0044087	regulation of cellular component biogenesis	0.509404786361567	0.230576569965539	0.996584218515146	1	0.486857405078229	0.891304859023521	0.278828216396028	1.14356659421788	FALSE
GO:0043473	pigmentation	2.70038189887024	1.24412543791303	0.00209917391000374	0.23858517664718	0.000183981401923708	0.00103114995800695	1.45625646095722	1.11803150211074	FALSE
GO:0021514	ventral spinal cord interneuron differentiation	2.83041298319104	1.31776029313487	0.07203318962975	0.402445966745933	0.000449884904119977	0.000929739388758421	1.51265269005617	1.10292460972053	FALSE
GO:0016052	carbohydrate catabolic process	2.15209331412373	1.00195382557778	0.151448890721188	0.842375175708869	0.532777081251471	0.560403493223594	1.15013948854595	1.10292460972053	FALSE
GO:1901605	alpha-amino acid metabolic process	1.21486904467385	0.565608693126119	0.521118743148394	1	0.217175677161958	0.443787262049628	0.649260351547727	1.10292460972053	FALSE
GO:0098609	cell-cell adhesion	1.55014249804024	0.73408468904988	0.0240740187426159	1	1.87796048887856e-05	0.00171112318383003	0.81605780899036	1.07838242545774	FALSE
GO:0050931	pigment cell differentiation	3.97200682757086	1.89128262668966	0.000895881407684806	0.00672623774345707	0.000158311598639416	0.000333388118705077	2.08072420088121	1.07050313202815	TRUE
GO:1901701	cellular response to oxygen-containing compound	0.77560391105243	1.61742377422601	0.891510028090579	9.99616730288875e-05	0.544690830725132	0.0385178328519447	-0.841819863173577	-1.06030573914777	FALSE
GO:0060026	convergent extension	0.939918953723977	1.94488756130552	0.73727131594396	5.92702609234121e-06	0.126719808403846	0.0124543723025287	-1.00496860758154	-1.04907848372452	FALSE
GO:0006412	translation	0.516448647149653	1.06863953100938	0.996089949236834	0.558631970701976	0.79441314773433	0.0202148060265557	-0.552190883859731	-1.04907848372452	FALSE
GO:0008544	epidermis development	1.40962668786851	2.89076748367882	0.344742858287877	5.89652189998729e-14	0.473470240537513	6.47520145086375e-05	-1.48114079581031	-1.03613942801702	FALSE
GO:1901700	response to oxygen-containing compound	0.746928381465077	1.50691122859939	0.932672433335216	0.000220865777296058	0.527198818227159	0.0314479779370316	-0.759982847134315	-1.01255260769941	FALSE
GO:0043085	positive regulation of catalytic activity	3.0318712113328	1.5123788042542	0.0248838351166688	0.144186732324746	0.366933902071425	0.45185428935464	1.51949240707861	1.00338893616962	FALSE
GO:0050684	regulation of mRNA processing	2.04507484285648	1.02013826771025	0.110975919894547	0.799541410460566	0.122489228294127	0.228965263651622	1.02493657514623	1.00338893616962	FALSE
GO:0048024	regulation of mRNA splicing, via spliceosome	2.30349266477271	1.14904401906498	0.0739260420058102	0.55353404653884	0.0851307302249948	0.154538362701002	1.15444864570773	1.00338893616962	FALSE
GO:1902903	regulation of supramolecular fiber organization	1.05026509481725	0.523900442179857	0.628408439412987	1	0.0669537113557104	0.874648418057824	0.526364652637395	1.00338893616962	FALSE
GO:0030277	maintenance of gastrointestinal epithelium	10.4703788420303	5.28093851976711	0.000878843473249475	1.2769475963375e-05	0.271722804830978	0.51831363559245	5.18944032226316	0.987447392300594	FALSE
GO:0015868	purine ribonucleotide transport	8.18561864888266	4.1285754300965	0.00212814789175607	0.000140325996903599	0.137895199731443	0.469955899887784	4.05704321878615	0.987447392300594	FALSE
GO:0072348	sulfur compound transport	5.57762515132241	2.81318335800817	0.00801979147399187	0.00423551956269348	0.15944341286089	0.508583664368408	2.76444179331424	0.987447392300594	FALSE
GO:0006195	purine nucleotide catabolic process	2.73780191575675	1.38086346392491	0.0782930433506532	0.32128079832424	0.420962388824147	0.228965263651622	1.35693845183184	0.987447392300594	FALSE
GO:0009261	ribonucleotide catabolic process	2.7248753547306	1.3743437023116	0.07931212259387	0.327104834003636	0.391805572244659	0.195552099920006	1.350531652419	0.987447392300594	FALSE
GO:0010669	epithelial structure maintenance	6.27683075602293	3.16584125767057	0.00520159292351758	0.00156071251213489	0.347750246708305	0.663658196421025	3.11098949835236	0.987447392300594	FALSE
GO:0072523	purine-containing compound catabolic process	2.47038688127752	1.24598750789194	0.104314999683626	0.470913698270795	0.48764177637961	0.322397261415691	1.22439937338558	0.987447392300594	FALSE
GO:0060729	intestinal epithelial structure maintenance	10.852953719198	5.47389757464103	0.00078285397657802	8.81240460470621e-06	0.255964955681298	0.494096894909766	5.37905614455693	0.987447392300594	FALSE
GO:0015865	purine nucleotide transport	8.07880433987389	4.07470156293113	0.00221510260008681	0.000157991552147077	0.15174516364809	0.494096894909766	4.00410277694276	0.987447392300594	FALSE
GO:0051503	adenine nucleotide transport	8.07880433987389	4.07470156293113	0.00221510260008681	0.000157991552147077	0.15174516364809	0.494096894909766	4.00410277694276	0.987447392300594	FALSE
GO:0006862	nucleotide transport	6.56982896986103	3.31362058610035	0.00435642770339759	0.00103974564087523	0.18814352950272	0.562457664747115	3.25620838376069	0.987447392300594	FALSE
GO:0003231	cardiac ventricle development	3.67508611105795	1.85360091551221	0.0317063036809294	0.0749400233604248	0.18814352950272	0.0596326526712952	1.82148519554573	0.987447392300594	FALSE
GO:0009154	purine ribonucleotide catabolic process	2.84861228060804	1.43675281931132	0.0706723410272413	0.274282326045938	0.387398364940405	0.187381546275342	1.41185946129671	0.987447392300594	FALSE
GO:0009913	epidermal cell differentiation	1.65339124979232	3.25320410324802	0.219502437530175	7.74429924344204e-16	0.366933902071425	0.000161126466582114	-1.5998128534557	-0.976433181892754	FALSE
GO:0072524	pyridine-containing compound metabolic process	2.31314860334824	1.19659624063299	0.0953527571631417	0.496321954060629	0.325723140153561	0.194780255483599	1.11655236271525	0.95092151627548	FALSE
GO:0045664	regulation of neuron differentiation	2.94796797097243	1.5249895257339	0.0132444285519173	0.0844760720999668	0.0136077596834625	0.000253291486465498	1.42297844523853	0.95092151627548	FALSE
GO:0043087	regulation of GTPase activity	3.66039325312413	1.89352850032493	0.0194357641967791	0.0397714364832521	0.554059522956869	0.420915273405912	1.7668647527992	0.95092151627548	FALSE
GO:0051960	regulation of nervous system development	1.62082865443504	0.838457793762077	0.0965214317448124	1	0.00024830357752919	2.8204401174855e-06	0.782370860672961	0.95092151627548	FALSE
GO:0043547	positive regulation of GTPase activity	3.90594053903168	2.02055058562862	0.0151738489389648	0.0247761345097389	0.532416562904006	0.386801352038076	1.88538995340306	0.95092151627548	FALSE
GO:0051345	positive regulation of hydrolase activity	3.90594053903168	2.02055058562862	0.0151738489389648	0.0247761345097389	0.532416562904006	0.386801352038076	1.88538995340306	0.95092151627548	FALSE
GO:0046496	nicotinamide nucleotide metabolic process	2.40133698658804	1.24221626162926	0.0835080575414151	0.430810824241825	0.308442617618771	0.164777051619344	1.15912072495877	0.95092151627548	FALSE
GO:0021983	pituitary gland development	9.29575516302887	4.80871210168873	1.27368829495485e-05	7.14668445193711e-09	1.29310066302146e-05	0.00106158575937198	4.48704306134014	0.95092151627548	TRUE
GO:0009144	purine nucleoside triphosphate metabolic process	2.7974502520685	1.47296796219854	0.034741769391091	0.157959366424638	0.171904903707909	0.126726934965879	1.32448228986997	0.925386424168342	FALSE
GO:0009141	nucleoside triphosphate metabolic process	2.42037412943439	1.27442250190326	0.0612119990760759	0.351159463768934	0.227118669312041	0.203783248685445	1.14595162753114	0.925386424168342	FALSE
GO:0009205	purine ribonucleoside triphosphate metabolic process	2.81589423522124	1.48267944724076	0.0337948240380658	0.151809609148365	0.164288466522454	0.116865280850349	1.33321478798048	0.925386424168342	FALSE
GO:0007224	smoothened signaling pathway	2.08091119506084	1.09568186967345	0.104438789456281	0.651689589905704	0.0261488107558292	0.0703350319392789	0.985229325387387	0.925386424168342	FALSE
GO:0002064	epithelial cell development	1.72933152440091	3.27083202949518	0.166980871552103	1.9525819654601e-17	0.00790285573956389	0.000813500576547558	-1.54150050509427	-0.919443203307925	FALSE
GO:0048703	embryonic viscerocranium morphogenesis	1.67636498238216	3.14355230762997	0.162985177522962	2.49979613793331e-18	0.0776866445749134	0.00127240143260839	-1.46718732524781	-0.907059478852092	FALSE
GO:0060839	endothelial cell fate commitment	12.8951447470335	6.87914213883424	5.11147335102957e-06	5.91904536401485e-11	0.0292912369531419	0.154538362701002	6.01600260819922	0.906527396917027	FALSE
GO:0051493	regulation of cytoskeleton organization	0.795847034668849	0.424558621066756	0.875149166941613	1	0.195747823067492	0.897694757168304	0.371288413602092	0.906527396917027	FALSE
GO:0033993	response to lipid	2.6074714153953	1.41629249981558	0.00378425815959309	0.0533621315257976	0.15174516364809	0.24360558376954	1.19117891557972	0.880532188384082	FALSE
GO:0051241	negative regulation of multicellular organismal process	1.61028371249012	0.874653018671422	0.169069856000882	1	0.0310290354836291	0.107799497294615	0.735630693818696	0.880532188384082	FALSE
GO:0060271	cilium assembly	1.21345229111315	0.663387192194882	0.42439942711556	1	0.57315211331451	0.796237604732062	0.550065098918265	0.871194323804746	FALSE
GO:0044782	cilium organization	1.161794935452	0.635146421313956	0.477920891461106	1	0.627379427143291	0.859431761565963	0.526648514138043	0.871194323804746	FALSE
GO:0035315	hair cell differentiation	2.09434458745655	3.83062291271658	0.103114426831173	4.6377606270891e-18	0.216467338348341	0.000358494137140768	-1.73627832526003	-0.871080181746526	FALSE
GO:0002831	regulation of response to biotic stimulus	1.75583285412554	0.965064209978513	0.213982836102072	0.897137406166227	0.389195788808802	0.290079281332932	0.790768644147024	0.863458675025141	FALSE
GO:0046034	ATP metabolic process	2.7912838523859	1.53418256156858	0.0503023350470609	0.143898906380741	0.276461539294738	0.216500025480465	1.25710129081733	0.86345867502514	FALSE
GO:0051336	regulation of hydrolase activity	1.86795976173348	1.02669289248878	0.18196016548071	0.790062343641887	0.861887235740868	0.83522842872282	0.841266869244705	0.86345867502514	FALSE
GO:0006281	DNA repair	1.56606467768775	0.867994588722418	0.127635063246515	1	0.334061627334442	0.266921334408317	0.698070088965337	0.851385842724566	FALSE
GO:0046394	carboxylic acid biosynthetic process	1.58738665542748	0.87981233901244	0.248331237212676	1	0.128589443988723	0.392580098411903	0.707574316415036	0.851385842724566	FALSE
GO:0050790	regulation of catalytic activity	1.42447781385723	0.789519776417392	0.336479721348518	1	0.795677614392441	0.842719658293816	0.634958037439834	0.851385842724566	FALSE
GO:0060627	regulation of vesicle-mediated transport	1.29114244465192	0.715618372085619	0.42439942711556	1	0.0903265625793505	0.127566954899534	0.575524072566302	0.851385842724566	FALSE
GO:0051049	regulation of transport	1.09010459741245	0.604192729186946	0.533201839771693	1	0.125374745569598	0.317941863643896	0.485911868225508	0.851385842724566	FALSE
GO:0016053	organic acid biosynthetic process	1.5821883991018	0.87693119468567	0.25043078539362	1	0.132478289342559	0.401371246175851	0.705257204416135	0.851385842724565	FALSE
GO:0015711	organic anion transport	1.00728347842336	0.558288952581364	0.668549964515319	1	0.642339587285046	0.865094982915973	0.448994525841993	0.851385842724565	FALSE
GO:0072148	epithelial cell fate commitment	10.7585485121955	6.00021620230056	1.7321639093632e-05	2.78766013044685e-10	0.0550909574385982	0.0747337866474056	4.75833230989497	0.842397059497311	FALSE
GO:0010498	proteasomal protein catabolic process	0.855126260157385	0.476917721325768	0.826835880174948	1	0.410517643564694	0.498483436956079	0.378208538831617	0.842397059497311	FALSE
GO:0015748	organophosphate ester transport	2.09585527013164	1.16889232179096	0.0818961266599699	0.474447931456662	0.245480148263543	0.333524637533643	0.926962948340682	0.842397059497311	FALSE
GO:0048701	embryonic cranial skeleton morphogenesis	1.64181337416125	2.93468053515025	0.100237454751841	3.17593212099615e-24	0.0290374450734783	3.95673076719712e-08	-1.29286716098899	-0.837913317811326	FALSE
GO:0021953	central nervous system neuron differentiation	2.35323818701492	4.194098319753	0.00616468830054895	1.00065976169254e-43	4.19131433047269e-06	6.37890561881093e-13	-1.84086013273808	-0.833713329282041	TRUE
GO:0009725	response to hormone	0.818623954516637	1.4468754892142	0.865188417544921	0.00355603692731853	0.235094922224379	0.0215016341086945	-0.628251534697563	-0.821667987621448	FALSE
GO:0090407	organophosphate biosynthetic process	0.544306383639314	0.950301259815276	0.986765661935928	0.974995403292612	0.807445664132966	0.214572063844471	-0.405994876175962	-0.803965985887989	FALSE
GO:0030111	regulation of Wnt signaling pathway	2.83143047179623	1.62282595567778	0.000184043632301349	0.000763621714841407	2.51262769541897e-05	5.09815466707641e-07	1.20860451611845	0.803022821163166	TRUE
GO:0043161	proteasome-mediated ubiquitin-dependent protein catabolic process	0.904156979803664	0.526187421156269	0.766726119057728	1	0.381434864272639	0.397356972435453	0.377969558647395	0.780996514833168	FALSE
GO:0071599	otic vesicle development	8.33465130661198	4.85047262281292	4.8455326966605e-12	4.8866200487016e-24	8.55404532723188e-05	1.56737751627803e-07	3.48417868379906	0.780996514833168	TRUE
GO:0044093	positive regulation of molecular function	4.08847697800501	2.37934916786285	0.000241332153786244	8.81240460470621e-06	0.0122193427837264	0.00427758256196737	1.70912781014216	0.780996514833168	TRUE
GO:0071600	otic vesicle morphogenesis	8.00104323181362	4.65632450862906	8.43242731758875e-08	2.04327089393173e-15	0.000231737351136908	5.15370377111545e-07	3.34471872318456	0.780996514833168	TRUE
GO:1901136	carbohydrate derivative catabolic process	1.49881937194409	0.872259925785871	0.355650206787489	1	0.751054449320793	0.643734870872509	0.626559446158221	0.780996514833168	FALSE
GO:0042391	regulation of membrane potential	1.08483185546131	0.631333816100506	0.590285550717245	1	0.195747823067492	0.202983417316426	0.4534980393608	0.780996514833168	FALSE
GO:0120031	plasma membrane bounded cell projection assembly	0.972259626347026	0.565820755587144	0.703189182538494	1	0.716039587493755	0.893150733164507	0.406438870759881	0.780996514833168	FALSE
GO:0030031	cell projection assembly	0.917060105546983	0.533696584511073	0.766726119057728	1	0.752548314368106	0.918926427028702	0.383363521035909	0.780996514833168	FALSE
GO:0006813	potassium ion transport	0.875407578415357	0.509456285176337	0.7990595148071	1	0.323528948915141	0.526068314829229	0.36595129323902	0.780996514833168	FALSE
GO:1901264	carbohydrate derivative transport	3.925208496755	2.28433267954939	0.0255494759930044	0.0118324671775546	0.325723140153561	0.567447073175324	1.64087581720561	0.780996514833167	FALSE
GO:0009166	nucleotide catabolic process	2.36369494926954	1.37558695839114	0.118109066033685	0.291533865634439	0.46464875665262	0.172822449564757	0.988107990878405	0.780996514833167	FALSE
GO:0071805	potassium ion transmembrane transport	0.938291806191339	0.546052684235307	0.737891152677574	1	0.286723192424411	0.456016697228418	0.392239121956032	0.780996514833167	FALSE
GO:0032446	protein modification by small protein conjugation	0.525320127683973	0.902595280697258	0.99673349069179	1	0.827124792653963	0.3497070814697	-0.377275153013285	-0.780882372774947	FALSE
GO:0060042	retina morphogenesis in camera-type eye	2.22577742644623	3.76260732242577	0.0156672533579243	4.6418710535836e-32	0.00098084463819872	1.49420602208372e-08	-1.53682989597954	-0.757423399950958	TRUE
GO:0080134	regulation of response to stress	1.65271927853751	0.981862239499917	0.0772935935011386	0.878474083614532	0.062163730368624	0.420247695313546	0.670857039037597	0.751249171439116	FALSE
GO:0048704	embryonic skeletal system morphogenesis	1.91131986966168	3.20610067711783	0.0250005652629398	2.17366716044873e-31	0.00300003343778002	1.92410006717969e-12	-1.29478080745615	-0.746250488031701	TRUE
GO:0062012	regulation of small molecule metabolic process	3.37682407781031	2.03797722121885	0.00616468830054895	0.00204812758570831	0.066169044590598	0.108130360581353	1.33884685659146	0.728529094939032	FALSE
GO:1902533	positive regulation of intracellular signal transduction	0.814298970853563	0.491444835627216	0.86750861583642	1	0.230035747661926	0.168308818592076	0.322854135226346	0.728529094939032	FALSE
GO:0035775	pronephric glomerulus morphogenesis	9.81670969470997	5.95101900845255	3.12034192401071e-05	4.81383911972986e-11	0.000480849697188304	0.0133770676582823	3.86569068625742	0.722102825779599	TRUE
GO:0072102	glomerulus morphogenesis	7.75852186518604	4.70331837581971	0.000140319506983701	5.11653491214268e-09	0.00098084463819872	0.0243631520428369	3.05520348936633	0.722102825779599	TRUE
GO:0048665	neuron fate specification	4.62129332510326	2.81749752859012	0.00392685045931606	0.000124662647558168	0.000231737351136908	5.15370377111545e-07	1.80379579651315	0.713882318974631	TRUE
GO:0021587	cerebellum morphogenesis	5.54201238035905	3.37883901466664	0.00178004643943286	9.11491754215503e-06	0.0287371057617648	0.0289794311080922	2.1631733656924	0.71388231897463	TRUE
GO:0016055	Wnt signaling pathway	2.6230509460456	1.60602939179849	1.85040407226705e-05	2.81597116732959e-05	8.63463708344801e-06	1.32957004092017e-08	1.01702155424711	0.707747532802529	TRUE
GO:0008015	blood circulation	0.935409568509908	1.5242509064309	0.742904316373959	0.000731621091752287	0.455591023383502	0.00501400264209055	-0.588841337920988	-0.704430312337074	FALSE
GO:0003013	circulatory system process	0.926512521059149	1.50975315796016	0.753408113956793	0.000966711992921993	0.474267223002042	0.00654872623782898	-0.583240636901009	-0.704430312337074	FALSE
GO:0010038	response to metal ion	3.31211430998358	2.03461871722677	0.0268584380823771	0.0128191247175933	0.387398364940405	0.316251385054209	1.27749559275681	0.702994002831895	FALSE
GO:0021549	cerebellum development	5.51671648012107	3.38889710848879	3.88751760107088e-05	2.61329598846778e-09	0.00143950356899458	0.000210962931850093	2.12781937163228	0.702994002831894	TRUE
GO:0048705	skeletal system morphogenesis	1.76018252673491	2.86442539548504	0.0393154055671847	2.68349687454306e-27	0.0039142207889638	1.0725771015721e-11	-1.10424286875013	-0.702520722328443	TRUE
GO:0048706	embryonic skeletal system development	2.06605632040268	3.34660148508734	0.00787825275143293	7.70964132400951e-38	0.00204914627393183	4.55111007967638e-13	-1.28054516468466	-0.695817182032366	TRUE
GO:1901292	nucleoside phosphate catabolic process	2.12139837271935	1.31688417112842	0.156970644875707	0.338370284814717	0.521264903489703	0.148586115166277	0.804514201590933	0.687887110441686	FALSE
GO:0051052	regulation of DNA metabolic process	1.51409044628369	0.93989029500945	0.3505542917133	0.939461856377342	0.595222801492453	0.666452251216161	0.574200151274244	0.687887110441686	FALSE
GO:0022603	regulation of anatomical structure morphogenesis	0.686488823127823	1.10531720706772	0.969122499574846	0.380437142443556	0.0812798901271867	0.015466815316717	-0.4188283839399	-0.687152320905239	FALSE
GO:0001708	cell fate specification	4.76288177066756	2.97714959421199	6.42369085283253e-09	5.39138331362067e-17	4.52484675132312e-07	1.01058571895044e-15	1.78573217645557	0.677903021869064	TRUE
GO:0071697	ectodermal placode morphogenesis	6.99291431372072	4.38267748412065	1.81695545249087e-06	1.24958307601469e-13	0.000258087686217616	5.18878897422393e-06	2.61023682960008	0.674081310916656	TRUE
GO:0060788	ectodermal placode formation	7.56652274332969	4.7421757757294	1.11077575526735e-06	1.01056678129027e-14	0.000140436108969212	1.12435784525367e-06	2.82434696760028	0.674081310916655	TRUE
GO:0048593	camera-type eye morphogenesis	2.3399633621209	3.72597048010889	0.000931458834415156	4.84802721592845e-51	2.60158857477016e-05	3.1030462471735e-14	-1.38600711798799	-0.671130303180897	TRUE
GO:0048483	autonomic nervous system development	1.35683777502086	2.15832651587763	0.433930538345853	4.36893697022079e-05	0.192351034926241	0.000193274196614726	-0.801488740856762	-0.669664894176398	FALSE
GO:0043066	negative regulation of apoptotic process	1.19273574492216	0.751974240174818	0.486603607659329	1	0.48077471997005	0.169191906358411	0.440761504747343	0.665519297413232	FALSE
GO:0039021	pronephric glomerulus development	5.06550809309043	3.19360899144484	0.00126721014346874	3.2340215310147e-06	0.00678807734316884	0.0412045185796227	1.8718991016456	0.665519297413231	TRUE
GO:0001756	somitogenesis	1.93785453049949	1.22174311815966	0.110975919894547	0.357609257720184	0.00731301867176503	0.000667419390361519	0.716111412339833	0.665519297413231	FALSE
GO:0044283	small molecule biosynthetic process	1.03564667829466	0.652935595596681	0.637620942260316	1	0.348098834032476	0.66811875849922	0.38271108269798	0.665519297413231	FALSE
GO:0001501	skeletal system development	1.36000652359633	2.14104338008325	0.133682025300137	3.00729866427977e-22	0.011931044554439	2.54396919242793e-13	-0.781036856486919	-0.654700455011769	FALSE
GO:1901137	carbohydrate derivative biosynthetic process	0.362372206069111	0.562367526493371	0.998067634102003	1	0.839876015148335	0.498261804800905	-0.19999532042426	-0.634040984445676	FALSE
GO:0060872	semicircular canal development	4.14311839101034	6.42972943978302	0.0223073942269808	3.04937606068945e-18	0.0307259447005499	0.000291889898409725	-2.28661104877267	-0.634040984445676	TRUE
GO:0009894	regulation of catabolic process	1.11051882095884	0.71809191397607	0.523148367528876	1	0.0812798901271867	0.138630756790456	0.392426906982769	0.628993421388118	FALSE
GO:0051091	positive regulation of DNA-binding transcription factor activity	8.16684524818726	5.28090602764717	0.000780695899820027	3.48160838325852e-08	0.00098084463819872	5.6494224674973e-05	2.88593922054009	0.628993421388117	TRUE
GO:0007219	Notch signaling pathway	2.02797332002467	1.31134314464977	0.0770194420168136	0.199979691858935	0.0136077596834625	0.0669721871290755	0.7166301753749	0.628993421388117	FALSE
GO:0007051	spindle organization	2.42177049149388	1.56598319148349	0.081667283625686	0.0968993874216532	0.827614435586979	0.589788744459024	0.855787300010388	0.628993421388117	FALSE
GO:1904888	cranial skeletal system development	1.70209059329465	2.62314061444324	0.0503023350470609	2.09250283209803e-22	0.0140902217675529	1.49420602208372e-08	-0.921050021148596	-0.623987319781753	FALSE
GO:0030509	BMP signaling pathway	2.57027037940348	1.67387877070276	0.00542670247526684	0.00279060865086111	0.0019346995861521	0.00542947070735309	0.896391608700724	0.61872508593429	TRUE
GO:0071772	response to BMP	2.57027037940348	1.67387877070276	0.00542670247526684	0.00279060865086111	0.0019346995861521	0.00542947070735309	0.896391608700724	0.61872508593429	TRUE
GO:0071773	cellular response to BMP stimulus	2.57027037940348	1.67387877070276	0.00542670247526684	0.00279060865086111	0.0019346995861521	0.00542947070735309	0.896391608700724	0.61872508593429	TRUE
GO:0050767	regulation of neurogenesis	1.69603893869027	1.10667532180027	0.120413618943179	0.525672489708854	0.000449884904119977	1.60698627001655e-06	0.589363616890004	0.615937268562671	FALSE
GO:0043069	negative regulation of programmed cell death	1.15294845474383	0.754847179349249	0.521118743148394	1	0.501614853281399	0.136987341701613	0.39810127539458	0.611071513390855	FALSE
GO:0021510	spinal cord development	2.6842569695541	4.07103862898032	0.011090435292569	7.54920894340538e-25	5.95219710306309e-05	4.24663481700252e-08	-1.38678165942622	-0.600874120510477	TRUE
GO:0000377	RNA splicing, via transesterification reactions with bulged adenosine as nucleophile	1.39646840977672	0.921054652422922	0.286060468258678	1	0.309121288012927	0.0563971266618618	0.475413757353798	0.600424269191347	FALSE
GO:0000398	mRNA splicing, via spliceosome	1.39646840977672	0.921054652422922	0.286060468258678	1	0.309121288012927	0.0563971266618618	0.475413757353798	0.600424269191347	FALSE
GO:0000375	RNA splicing, via transesterification reactions	1.39464072376569	0.919849183905449	0.286755370730263	1	0.309121288012927	0.0570739881856542	0.474791539860236	0.600424269191347	FALSE
GO:0030903	notochord development	1.64227332845457	1.08317773544552	0.294855524132494	0.68585621458192	0.0938399779694986	0.0188711365897154	0.559095593009046	0.600424269191347	FALSE
GO:0035050	embryonic heart tube development	1.15779658200555	1.74064149910131	0.517005282660193	0.000181801954947275	0.0783621704590406	0.000512692887076983	-0.582844917095759	-0.588237294832551	FALSE
GO:0016567	protein ubiquitination	0.567741202213453	0.849613688061603	0.986765661935928	1	0.766051605178766	0.417974616818099	-0.28187248584815	-0.581573564551541	FALSE
GO:0061053	somite development	2.20238782016952	1.47889835508511	0.0215705302388592	0.0252991864327287	0.00147609035969975	0.00021948533572486	0.723489465084413	0.574545637365741	TRUE
GO:0048592	eye morphogenesis	2.32111913542764	3.45206831028687	0.000524450647664069	7.81918308734524e-49	1.96866516499467e-05	9.24654948353379e-14	-1.13094917485923	-0.572640439781533	TRUE
GO:0071696	ectodermal placode development	6.68471102736169	4.49541810479657	5.35935094488627e-07	4.38545127101786e-17	0.000105545837600755	1.43890022252279e-07	2.18929292256512	0.57240989302175	TRUE
GO:0021915	neural tube development	3.25111179576526	2.19077414176174	0.000125737267671663	7.57597439443185e-08	0.00101619691224752	7.11393488126301e-05	1.06033765400352	0.569492409639455	TRUE
GO:0045165	cell fate commitment	3.81060580840076	2.57604409900152	1.2611329195166e-08	1.13186137868108e-17	5.48651510955742e-07	1.85759012646587e-18	1.23456170939924	0.564863083968402	TRUE
GO:0021903	rostrocaudal neural tube patterning	5.48615300749838	3.72487178166376	1.78433898111974e-06	5.69126038124745e-15	0.00728016143088608	4.0282309642082e-05	1.76128122583462	0.55860409349672	TRUE
GO:0002040	sprouting angiogenesis	1.31387926414997	0.892069869151712	0.383285743716089	1	0.0129830115986295	0.017745970426829	0.421809394998254	0.55860409349672	FALSE
GO:0043049	otic placode formation	7.90131902794232	5.36466996908015	1.78433898111974e-06	1.80656537222381e-16	0.000349366214211767	7.6725410915289e-08	2.53664905886218	0.55860409349672	TRUE
GO:0030916	otic vesicle formation	7.1513873731417	4.8554972837166	3.72045564549688e-06	4.79954048915435e-15	0.000626833886530319	4.28455151759712e-07	2.2958900894251	0.55860409349672	TRUE
GO:0042462	eye photoreceptor cell development	2.38794059249506	1.62131324392831	0.0850631959528661	0.0666736912240795	0.035530346201774	0.107455848742945	0.766627348566743	0.55860409349672	FALSE
GO:0005975	carbohydrate metabolic process	1.27268462790356	0.864100408967061	0.352088906354601	1	0.424558047803612	0.782326618302244	0.408584218936502	0.55860409349672	FALSE
GO:0007626	locomotory behavior	1.19027155634404	0.808145330012331	0.487927439295982	1	0.279994149844947	0.0653160405958177	0.382126226331709	0.55860409349672	FALSE
GO:0010564	regulation of cell cycle process	1.13335644968014	0.769502318329465	0.533201839771693	1	0.304508176079167	0.427149497267815	0.363854131350673	0.55860409349672	FALSE
GO:0000165	MAPK cascade	0.709642090151675	1.04229958240968	0.932672433335216	0.680136772998294	0.336311005628092	0.00250727283222639	-0.332657492258005	-0.554606516951271	FALSE
GO:0061448	connective tissue development	1.08439377585598	1.58725897416472	0.55744410574174	0.000240604788886434	0.261117863350205	8.20111915394177e-06	-0.502865198308738	-0.549648797155304	FALSE
GO:0060284	regulation of cell development	1.38705783576908	0.950724199465896	0.213982836102072	0.973777149188512	0.000778401628900348	1.64086746492199e-06	0.436333636303189	0.544929156599643	FALSE
GO:0051093	negative regulation of developmental process	1.63950204643608	1.12761086744487	0.140111092762648	0.463727716772253	0.0278516202199993	0.000246682689550715	0.511891178991212	0.539988415329373	FALSE
GO:0003205	cardiac chamber development	3.68157585156914	2.53931506588965	0.00391483421635606	1.92481416567634e-05	0.0323811870268287	0.00123796886628538	1.14226078567949	0.535884016996636	TRUE
GO:0099537	trans-synaptic signaling	0.469920713897578	0.324121190675766	0.998067634102003	1	0.309176360234089	0.27023060727583	0.145799523221812	0.535884016996636	FALSE
GO:0007268	chemical synaptic transmission	0.470230253678577	0.324334691377931	0.998067634102003	1	0.309121288012927	0.266921334408317	0.145895562300646	0.535884016996636	FALSE
GO:0098916	anterograde trans-synaptic signaling	0.470230253678577	0.324334691377931	0.998067634102003	1	0.309121288012927	0.266921334408317	0.145895562300646	0.535884016996636	FALSE
GO:0099536	synaptic signaling	0.45456129050594	0.31352724482371	0.998067634102003	1	0.335245923173756	0.317941863643896	0.141034045682231	0.535884016996636	FALSE
GO:0048732	gland development	3.32597375347117	2.29615202546918	1.21909398599119e-07	4.79954048915435e-15	7.1174620064693e-06	4.77823074221124e-08	1.02982172800199	0.534558619530069	TRUE
GO:0051240	positive regulation of multicellular organismal process	0.78526207930344	1.13556280966854	0.909415212055379	0.286551206168804	0.14996897396432	9.9391535055555e-06	-0.350300730365101	-0.532161370426463	FALSE
GO:0009150	purine ribonucleotide metabolic process	1.47410965571653	1.02128540935693	0.305012655587898	0.786267141098493	0.435649041863538	0.109448670038515	0.452824246359601	0.529457747837203	FALSE
GO:0051094	positive regulation of developmental process	0.852051634134281	1.22588587811583	0.852337098425943	0.088027346533607	0.0556554952656945	3.04815846161096e-08	-0.373834243981548	-0.524811914690918	FALSE
GO:0030878	thyroid gland development	6.82853560972207	4.76875979239841	0.00391483421635606	7.91993679443566e-07	0.347750246708305	0.0336288713933978	2.05977581732366	0.517962108999374	FALSE
GO:0022600	digestive system process	4.91982241032366	3.43579540870945	0.0127767311951493	5.66465107507807e-05	0.452383937413309	0.246456733812654	1.48402700161421	0.517962108999374	FALSE
GO:0006897	endocytosis	0.966504634708418	0.674965864511586	0.710750341519667	1	0.249022703256451	0.488684104683224	0.291538770196831	0.517962108999374	FALSE
GO:0046434	organophosphate catabolic process	1.40905177757295	0.98402202849036	0.402579002217282	0.865508976029304	0.700486343723351	0.202000446203924	0.425029749082586	0.517962108999374	FALSE
GO:0051640	organelle localization	0.532550235571367	0.371910508485786	0.986141814020843	1	0.584577576284556	0.841489937843871	0.160639727085581	0.517962108999374	FALSE
GO:0007586	digestion	4.48310627462376	3.13081137294456	0.0169645352680419	0.000171564706519423	0.508533226733174	0.333524637533643	1.3522949016792	0.517962108999373	FALSE
GO:0051604	protein maturation	0.569014917975735	0.3973758968547	0.97523992158321	1	0.709263333275632	0.961529167523669	0.171639021121035	0.517962108999373	FALSE
GO:0022037	metencephalon development	4.15132871677881	2.9115013588488	0.000217725522197639	2.95063299442604e-09	0.00098084463819872	1.14013351153862e-06	1.23982735793001	0.511809882017779	TRUE
GO:0035282	segmentation	2.5322871457547	1.775999437496	0.00841285054636075	0.000865905589559166	0.00202437707492751	0.000291889898409725	0.756287708258697	0.511809882017779	TRUE
GO:0021532	neural tube patterning	4.85504503649348	3.41410317603434	6.10075499440408e-06	6.40667960277363e-14	0.0116699937991753	3.43149096089697e-05	1.44094186045914	0.507978020426752	TRUE
GO:0042490	mechanoreceptor differentiation	2.81102165280442	3.98072722311299	0.0119351845718674	1.08163412378327e-20	0.0322355448856519	5.94697428379297e-05	-1.16970557030858	-0.501937448438331	TRUE
GO:0021548	pons development	5.43567620055592	3.8663429725264	0.00393828244260438	1.15603151768824e-06	0.0719018251559544	8.29393776858063e-05	1.56933322802952	0.491489897638183	FALSE
GO:0141091	transforming growth factor beta receptor superfamily signaling pathway	1.88691245087934	1.34214225149831	0.0381405628543049	0.057325102796788	0.00780849530329289	0.00250727283222639	0.544770199381032	0.491489897638183	FALSE
GO:0021575	hindbrain morphogenesis	5.30383997239098	3.77256916123172	0.000524450647664069	2.79540792102517e-09	0.0150174970684564	3.62245313236996e-06	1.53127081115926	0.491489897638183	TRUE
GO:0048857	neural nucleus development	3.92930986087321	2.79487942381706	0.0149266832818694	0.000138791184346348	0.125374745569598	0.000929739388758421	1.13443043705615	0.491489897638183	FALSE
GO:0030177	positive regulation of Wnt signaling pathway	2.30088557523954	1.6365972596942	0.0966262537192812	0.0554658564777292	0.0216178270001141	0.024708093093767	0.664288315545349	0.491489897638183	FALSE
GO:0048484	enteric nervous system development	1.62729693871575	2.27287039422982	0.300400723144603	5.19524334318337e-05	0.132478289342559	0.00208384944227344	-0.64557345551407	-0.482037891000626	FALSE
GO:0048565	digestive tract development	1.21090801139147	1.69129364392427	0.523148367528876	0.00846046898875687	0.196261404660963	4.60339852290374e-05	-0.480385632532804	-0.482037891000626	FALSE
GO:0000278	mitotic cell cycle	0.607706147297775	0.839950834671491	0.984036169868812	1	0.831101015250098	0.579228444129812	-0.232244687373716	-0.466930998610418	FALSE
GO:0051216	cartilage development	1.15189384156067	1.58449087234764	0.487927439295982	0.000407081445570289	0.217175677161958	1.73893720199076e-05	-0.432597030786975	-0.460011584670628	FALSE
GO:0007264	small GTPase-mediated signal transduction	0.972521927597091	0.707466757060481	0.703189182538494	1	0.639939456417724	0.190635687614892	0.26505517053661	0.459068419945805	FALSE
GO:0048871	multicellular organismal-level homeostasis	1.11389666059945	1.53058675009029	0.521118743148394	0.000598482943232757	0.262364245747527	0.030577077880514	-0.416690089490847	-0.458469419862222	FALSE
GO:0035270	endocrine system development	5.51365547329142	4.02163672352476	2.04347265567536e-09	9.29894957686285e-27	1.59768967237763e-07	2.68611546570895e-09	1.49201874976665	0.455226353651411	TRUE
GO:0060993	kidney morphogenesis	6.59173188308492	4.81978460064711	3.13037921308304e-06	2.76859700830728e-17	0.0242977409472361	1.89461558611819e-05	1.77194728243781	0.451688889580208	TRUE
GO:0051246	regulation of protein metabolic process	0.668256388150045	0.90743709106709	0.964741751760057	1	0.577353987053731	0.00913360337442206	-0.239180702917044	-0.44139590650328	FALSE
GO:0040011	locomotion	0.692664303397133	0.940581028040359	0.969946364885186	1	0.273561886613797	0.00303824213865168	-0.247916724643226	-0.44139590650328	FALSE
GO:0043408	regulation of MAPK cascade	0.829144545323552	1.12590994657819	0.844144883602549	0.422199580428261	0.255964955681298	0.00182832534865434	-0.296765401254633	-0.44139590650328	FALSE
GO:0010876	lipid localization	0.61692414699381	0.454768875385458	0.964728308106878	1	0.828162009240816	0.54692359339865	0.162155271608351	0.439959596998101	FALSE
GO:0042461	photoreceptor cell development	2.75440550791957	2.03042448783361	0.0132444285519173	0.000284494852756322	0.0140742122955127	0.0714101560647756	0.723981020085956	0.439959596998101	FALSE
GO:0006869	lipid transport	0.645165760028769	0.475587328774848	0.952065898112336	1	0.810465962741202	0.494096894909766	0.169578431253921	0.4399595969981	FALSE
GO:0032956	regulation of actin cytoskeleton organization	0.628636612896533	0.463402781146041	0.959106475783208	1	0.36640779661352	0.896913001818838	0.165233831750493	0.4399595969981	FALSE
GO:0032970	regulation of actin filament-based process	0.626773705227883	0.462029528973067	0.959106475783208	1	0.369119250869948	0.900339960246378	0.164744176254816	0.4399595969981	FALSE
GO:0090596	sensory organ morphogenesis	2.61886951053446	3.5438179513408	1.17560253760619e-06	2.71047903536648e-70	2.21545175264879e-07	6.11319903682297e-21	-0.924948440806341	-0.436360316605982	TRUE
GO:0030917	midbrain-hindbrain boundary development	5.33531627162791	3.95177438695216	0.000123322526481671	3.23488575718961e-12	0.0186937593344452	0.000251447814603643	1.38354188467574	0.433073211412861	TRUE
GO:0006109	regulation of carbohydrate metabolic process	3.88805076676004	2.89123824707215	0.0153528328754472	5.80243526420799e-05	0.245480148263543	0.229886465090838	0.996812519687886	0.427359560218467	FALSE
GO:0071396	cellular response to lipid	1.65162961285535	1.22818733425737	0.251562285695613	0.374831388962727	0.335245923173756	0.46030497517591	0.423442278597973	0.427359560218467	FALSE
GO:0036269	swimming behavior	1.43506494885939	1.06714518818704	0.355650206787489	0.688430438922496	0.346525337298624	0.0742937759147406	0.367919760672349	0.427359560218467	FALSE
GO:0002011	morphogenesis of an epithelial sheet	1.82344126050346	2.44071031317591	0.101616881250373	5.90245433788008e-10	0.0831983667457962	0.00448199579778576	-0.617269052672446	-0.420637346336483	FALSE
GO:0010256	endomembrane system organization	0.87147203046558	0.652070488243359	0.801283832860339	1	0.595222801492453	0.416747011211822	0.219401542222221	0.418426435448459	FALSE
GO:0007169	cell surface receptor protein tyrosine kinase signaling pathway	0.953529010137717	1.27305222042886	0.735564624064548	0.0203929425782322	0.0527812016938075	1.40959109414539e-07	-0.31952321029114	-0.416942862778741	FALSE
GO:0048878	chemical homeostasis	0.602432592992792	0.803445699439953	0.985068664031285	1	0.653072232591142	0.00348158336289677	-0.201013106447161	-0.415400697970336	FALSE
GO:0046903	secretion	0.775316865028296	0.582809075098354	0.891510028090579	1	0.424558047803612	0.384039899655194	0.192507789929942	0.411762705167449	FALSE
GO:0072028	nephron morphogenesis	7.49474203981578	5.63383033873044	0.000171843749409808	6.47932723295507e-13	0.0143933568279517	0.000241456846425205	1.86091170108534	0.411762705167449	TRUE
GO:0002682	regulation of immune system process	0.669372826846968	0.503170478687336	0.964741751760057	1	0.488831254807382	0.606094427823696	0.166202348159632	0.411762705167449	FALSE
GO:0051301	cell division	0.627628726669132	0.834874849659307	0.969946364885186	1	0.752548314368106	0.51831363559245	-0.207246122990175	-0.411648563109228	FALSE
GO:0008284	positive regulation of cell population proliferation	1.71012709435109	2.26692087612928	0.103054713979915	3.5172088294938e-10	0.118055336251564	0.00205616520239158	-0.556793781778189	-0.406630488342604	FALSE
GO:0048840	otolith development	2.24667920735246	2.9781669525828	0.103666078249416	1.84330078575568e-08	0.168577904236915	0.00147848833843353	-0.731487745230343	-0.406630488342604	FALSE
GO:0007498	mesoderm development	1.16896643207136	1.54956577035139	0.533201839771693	0.0176965672239932	0.102059571008039	0.00764767366144985	-0.380599338280025	-0.406630488342604	FALSE
GO:0007276	gamete generation	1.04030027146155	1.37900768346927	0.642347447599408	0.0771862221065306	0.345078159853155	0.0291655777357096	-0.338707412007726	-0.406630488342604	FALSE
GO:0010720	positive regulation of cell development	1.05318903740804	1.38928264469741	0.642103837414644	0.101715493418549	0.0269753847168741	6.43902150170046e-08	-0.33609360728937	-0.399575730808653	FALSE
GO:0031667	response to nutrient levels	1.20642157483578	1.59141473807281	0.524604296969285	0.0231733384376509	0.604150698424763	0.166062396160749	-0.384993163237028	-0.399575730808653	FALSE
GO:0044770	cell cycle phase transition	0.958151419306246	1.26391662897516	0.720118765821017	0.234964783815773	0.460273658399785	0.381161869090188	-0.30576520966891	-0.399575730808653	FALSE
GO:1903311	regulation of mRNA metabolic process	1.52168334267767	1.15391926692953	0.193207328312226	0.380437142443556	0.0384019226397482	0.0164002633434284	0.36776407574814	0.399125879489523	FALSE
GO:0061024	membrane organization	0.900905027239729	0.683172141962392	0.787854088127178	1	0.347750246708305	0.274716107135403	0.217732885277337	0.399125879489523	FALSE
GO:0000226	microtubule cytoskeleton organization	1.07737152142452	0.818573104621224	0.557625626831723	1	0.554059522956869	0.427149497267815	0.258798416803298	0.396332664597842	FALSE
GO:0098657	import into cell	0.784566793516409	0.596103816724506	0.915943562750757	1	0.336693830120618	0.304716707386269	0.188462976791902	0.396332664597842	FALSE
GO:0060562	epithelial tube morphogenesis	2.47922500441134	1.88813660655716	0.000214397646925072	1.24691066731467e-08	2.60158857477016e-05	2.6277964644872e-09	0.591088397854179	0.392926063154593	TRUE
GO:0072175	epithelial tube formation	3.66127550233767	2.79024559620802	0.000361504933904707	4.83754297618154e-10	0.000289326572305821	5.85034023176984e-07	0.87102990612965	0.391954224087268	TRUE
GO:0007178	cell surface receptor protein serine/threonine kinase signaling pathway	1.70192131164343	1.29860059341469	0.0732598512613948	0.0799485960956277	0.013814214494568	0.000327623967068978	0.403320718228731	0.390206561801001	FALSE
GO:0055086	nucleobase-containing small molecule metabolic process	0.697720938562638	0.913610110287085	0.952065898112336	1	0.848219535292843	0.00555573501569251	-0.215889171724448	-0.388928486609145	FALSE
GO:0055001	muscle cell development	1.81434699411549	1.38714416280267	0.0366953188033983	0.0203525339730881	0.000334806068526419	0.00305598252457396	0.427202831312815	0.387332666346891	TRUE
GO:0010001	glial cell differentiation	1.66732732705722	2.17588165474825	0.130736100970218	1.44429906459407e-08	0.0746993530225771	0.000397512988190651	-0.508554327691031	-0.384062731437329	FALSE
GO:0042063	gliogenesis	1.51105637360396	1.9719462335079	0.198032464979258	5.9506015317401e-07	0.126719808403846	0.00265378587897023	-0.460889859903938	-0.384062731437329	FALSE
GO:0060041	retina development in camera-type eye	2.30024571479105	2.98967789804048	0.000268998534941395	7.00476536142926e-39	3.47955297260263e-05	2.81092146043744e-10	-0.689432183249429	-0.378202080016086	TRUE
GO:0021536	diencephalon development	7.27352247795688	5.59981778783049	2.9960845162672e-15	3.76854539168346e-50	1.08563731942287e-13	3.85703082378692e-17	1.67370469012639	0.377274328782158	TRUE
GO:0035148	tube formation	3.50144470559523	2.71695616449038	0.000527709186031353	8.36262049496933e-10	0.000449884904119977	4.57244566162071e-07	0.784488541104851	0.365959015554324	TRUE
GO:0046328	regulation of JNK cascade	3.20246814563001	2.48496443652232	0.049477125874711	0.0012206608066089	0.0140879095139001	0.214572063844471	0.717503709107684	0.365959015554324	FALSE
GO:0006090	pyruvate metabolic process	2.71859409359055	2.1095009638521	0.0796543020934798	0.00751696476513695	0.420962388824147	0.0609437283909355	0.609093129738447	0.365959015554324	FALSE
GO:0009896	positive regulation of catabolic process	1.66550040344738	1.29234986372242	0.191358575003254	0.208967071995057	0.0269753847168741	0.0234266067071257	0.373150539724963	0.365959015554324	FALSE
GO:0015931	nucleobase-containing compound transport	1.78151028102685	1.38236806436046	0.207749035945069	0.177600182375317	0.453176551756302	0.26952537466798	0.39914221666638	0.365959015554324	FALSE
GO:0045446	endothelial cell differentiation	3.40062518596803	2.63872496611836	0.0039094730339214	5.9506015317401e-07	0.0386395765897286	0.118081642024622	0.761900219849669	0.365959015554324	FALSE
GO:0065009	regulation of molecular function	2.31253540993712	1.79441855174544	0.00951906429212881	0.000109995827586523	0.0706601988459143	0.186381950523418	0.518116858191675	0.365959015554324	FALSE
GO:0048663	neuron fate commitment	3.57705321758832	2.77562480844164	0.0128349137991501	1.59284929736423e-05	0.00107693147747263	2.11571449970762e-09	0.801428409146686	0.365959015554324	TRUE
GO:0031017	exocrine pancreas development	3.52466738777698	2.73497587201536	0.0223073942269808	8.9321048950075e-05	0.306184432007195	0.0346705199517644	0.789691515761623	0.365959015554324	FALSE
GO:0035272	exocrine system development	3.52466738777698	2.73497587201536	0.0223073942269808	8.9321048950075e-05	0.306184432007195	0.0346705199517644	0.789691515761623	0.365959015554324	FALSE
GO:0006887	exocytosis	0.751538597429862	0.583158552204641	0.881952585859005	1	0.421783587158521	0.427578632257863	0.168380045225222	0.365959015554324	FALSE
GO:0022613	ribonucleoprotein complex biogenesis	0.724631678873765	0.562280050790179	0.915231125243969	1	0.528924215291607	0.555528546481596	0.162351628083586	0.365959015554324	FALSE
GO:0051130	positive regulation of cellular component organization	0.634689848381068	0.492489426819397	0.969946364885186	1	0.366933902071425	0.1550613185988	0.142200421561671	0.365959015554324	FALSE
GO:2000145	regulation of cell motility	0.693312118726236	0.891025312794354	0.954277721537764	1	0.173751726826928	0.00792324978204913	-0.197713194068119	-0.361961439008876	FALSE
GO:0030334	regulation of cell migration	0.731865002095771	0.94057239849448	0.929046443935329	0.997934495118081	0.131605771567285	0.00320492666846195	-0.208707396398709	-0.361961439008876	FALSE
GO:0006397	mRNA processing	1.12460267012523	1.43621786097442	0.510752726041034	0.00509397351849143	0.420962388824147	0.0133584873547995	-0.311615190849182	-0.352859231901623	FALSE
GO:0010608	post-transcriptional regulation of gene expression	0.790375404886573	1.00755456899879	0.87160170274235	0.801242409440546	0.325723140153561	0.00132776111820497	-0.217179164112221	-0.350248018445085	FALSE
GO:0021782	glial cell development	2.11194211427742	2.66299735450722	0.0509130376260348	6.60879149818375e-11	0.0717566303549505	0.00290048506283114	-0.551055240229807	-0.334480702586769	FALSE
GO:0031018	endocrine pancreas development	2.56387917499725	3.23285539605324	0.0685250983564031	5.32351595223603e-09	0.0177112821835948	0.000570488340250936	-0.668976221055991	-0.334480702586769	FALSE
GO:0021986	habenula development	6.49695624865699	8.19216454161304	0.002004986771836	3.46631663841351e-21	0.0779650427164863	0.00690550001111436	-1.69520829295605	-0.334480702586768	FALSE
GO:0002062	chondrocyte differentiation	2.81644757871807	3.55132482113537	0.049477125874711	4.29553321466146e-10	0.224103295098814	0.0874773018151549	-0.734877242417296	-0.334480702586768	FALSE
GO:0016071	mRNA metabolic process	1.07430156238728	1.3546120413244	0.543172036966608	0.00644470639362422	0.279850502900967	0.00399961859861095	-0.280310478937121	-0.334480702586768	FALSE
GO:0010629	negative regulation of gene expression	0.870834368094525	1.09805548304203	0.821576744385791	0.452938687893606	0.271722804830978	0.0050387592301815	-0.227221114947502	-0.334480702586768	FALSE
GO:0040012	regulation of locomotion	0.792794584214969	0.99965328886604	0.891510028090579	0.820409726497704	0.127343831578061	0.000667419390361519	-0.20685870465107	-0.334480702586768	FALSE
GO:0006753	nucleoside phosphate metabolic process	0.73745338780919	0.929872276106475	0.92684277279587	1	0.807445664132966	0.00548804756737661	-0.192418888297285	-0.334480702586768	FALSE
GO:0032787	monocarboxylic acid metabolic process	1.26520964950164	1.00405543641607	0.371540077742069	0.810835813321393	0.396697788943406	0.140449664820987	0.26115421308557	0.333537537861946	FALSE
GO:0006511	ubiquitin-dependent protein catabolic process	0.833613140365315	0.663015644890492	0.859771927616511	1	0.354977020917063	0.427149497267815	0.170597495474823	0.330335105823602	FALSE
GO:0019941	modification-dependent protein catabolic process	0.824637636247539	0.655876962253775	0.865188417544921	1	0.373105978051994	0.46030497517591	0.168760673993763	0.330335105823602	FALSE
GO:0043632	modification-dependent macromolecule catabolic process	0.820319484700417	0.65244251299414	0.86750861583642	1	0.379692942142875	0.469955899887784	0.167876971706277	0.330335105823602	FALSE
GO:0006163	purine nucleotide metabolic process	1.23002280176752	0.98426599933814	0.455112475113825	0.866301220519953	0.453176551756302	0.0346705199517644	0.24575680242938	0.32156489619587	FALSE
GO:0021761	limbic system development	4.64685104495391	5.79493531968444	0.00391250067408088	9.32838804346264e-19	0.0055563741409749	5.65862727630863e-07	-1.14808427473052	-0.318539158717747	TRUE
GO:0033365	protein localization to organelle	0.917723555152726	1.14446290445138	0.75407764398067	0.392641319923685	0.453176551756302	0.0432291907460336	-0.226739349298657	-0.318539158717747	FALSE
GO:0051668	localization within membrane	0.629886622718209	0.785510919561377	0.969946364885186	1	0.512239823239278	0.217919073064114	-0.155624296843168	-0.318539158717747	FALSE
GO:0072088	nephron epithelium morphogenesis	8.32435368495603	6.68999587395156	0.000241603516215636	6.91220144985205e-14	0.066169044590598	0.00442087701816352	1.63435781100447	0.315332942484356	FALSE
GO:0021515	cell differentiation in spinal cord	3.36572808983727	4.1786343412222	0.00399041197575966	2.94382702326435e-19	2.62542767878433e-05	1.62371571438047e-08	-0.81290625138493	-0.312112889558314	TRUE
GO:0003309	type B pancreatic cell differentiation	3.81145860201639	4.73201975305809	0.0276057545122017	2.2391140119363e-11	0.0136077596834625	0.00973371402314884	-0.920561151041703	-0.312112889558314	TRUE
GO:0006520	amino acid metabolic process	1.04506954614405	0.844713273275199	0.640914522079444	1	0.278955650229042	0.381475669008073	0.200356272868852	0.307065326500755	FALSE
GO:0003206	cardiac chamber morphogenesis	3.88664802698724	3.14151645606602	0.0153528328754472	6.77852271631354e-06	0.173751726826928	0.0037180674840019	0.745131570921218	0.307065326500755	FALSE
GO:0008593	regulation of Notch signaling pathway	2.33215461573298	1.88504388679998	0.0926897731317588	0.00967784527242554	0.0129732671323832	0.0674587631654469	0.447110728933004	0.307065326500755	FALSE
GO:0042692	muscle cell differentiation	2.03789903070028	1.66037934041437	0.00367481393671465	5.01985604972218e-06	4.32844076409699e-05	5.12984441590198e-06	0.377519690285909	0.295569687662926	TRUE
GO:0008016	regulation of heart contraction	1.77966052967966	1.44997938166525	0.243566236961143	0.15229812168906	0.109018601983504	0.0566972463256598	0.329681148014411	0.295569687662926	FALSE
GO:0050776	regulation of immune response	0.800349249733339	0.652084985249115	0.852142379751691	1	0.3836627002256	0.435773089820731	0.148264264484224	0.295569687662926	FALSE
GO:0007015	actin filament organization	0.4227340023351	0.344422757650897	0.998067634102003	1	0.700486343723351	0.893150733164507	0.078311244684203	0.295569687662926	FALSE
GO:0007422	peripheral nervous system development	3.72017522730535	3.03101478389564	0.00226250274734116	7.60733620369362e-09	0.0140274691838938	1.06373855518261e-07	0.689160443409712	0.295569687662926	TRUE
GO:0009410	response to xenobiotic stimulus	2.26236992485236	1.84326712315519	0.132803686475256	0.0227598610331251	0.573811799933237	0.63005583071144	0.41910280169716	0.295569687662926	FALSE
GO:0007517	muscle organ development	2.34193839208757	1.91287776940853	0.00323293187081294	6.13495509298606e-07	0.00249633133520733	0.00113912642595495	0.429060622679035	0.291958434110547	TRUE
GO:0051146	striated muscle cell differentiation	1.90683961841137	1.55749234403865	0.0191365890281646	0.000549465408301923	0.000303987953966367	0.00123461117775654	0.349347274372726	0.291958434110547	TRUE
GO:0002088	lens development in camera-type eye	2.22806607127632	2.71680250862078	0.082132574250688	6.64094056114945e-08	0.0922282620853932	0.283559803863334	-0.488736437344467	-0.28611768102537	FALSE
GO:0035051	cardiocyte differentiation	2.85743520058436	2.35581231830018	0.00501821997779853	3.78996600765817e-07	0.00317859003363249	2.5978837140424e-05	0.501622882284177	0.278496174303984	TRUE
GO:0006338	chromatin remodeling	1.18773157689245	0.979225243359891	0.488524447498017	0.87867287818453	0.527198818227159	0.478952489069557	0.208506333532561	0.278496174303984	FALSE
GO:1903047	mitotic cell cycle process	0.842700520470226	1.02171236019205	0.841870272303927	0.754073868730702	0.527198818227159	0.551053230118552	-0.179011839721828	-0.277897174220401	FALSE
GO:1903522	regulation of blood circulation	1.44018453548619	1.73214881286923	0.384019330423553	0.0111342168207977	0.174624143446318	0.0362344871418049	-0.291964277383038	-0.266309199945189	FALSE
GO:0090101	negative regulation of transmembrane receptor protein serine/threonine kinase signaling pathway	2.17425475187737	2.61503487542189	0.147538860211202	1.59128372093092e-05	0.0488395426111152	0.0714101560647756	-0.440780123544522	-0.266309199945189	FALSE
GO:0045597	positive regulation of cell differentiation	1.14637164057562	1.37472879387055	0.493154189284928	0.0227934718386362	0.0140879095139001	7.5754702168949e-09	-0.228357153294931	-0.262072207058718	FALSE
GO:0030901	midbrain development	6.89607188788389	5.76264442091148	2.04226079616639e-06	5.95071926043855e-23	0.00249633133520733	2.11616523300079e-06	1.13342746697241	0.259043811637812	TRUE
GO:0072080	nephron tubule development	3.84650872284808	4.60142728223361	0.015938669261884	1.05982834135919e-12	0.0395946471333433	1.73893720199076e-05	-0.754918559385534	-0.25853184935347	TRUE
GO:0061326	renal tubule development	3.63980534604316	4.3541561525179	0.0198417930268887	5.1472719393395e-12	0.0488395426111152	3.66985887673478e-05	-0.714350806474744	-0.25853184935347	TRUE
GO:0032330	regulation of chondrocyte differentiation	5.58261708027942	6.67826551045511	0.00373060029087599	1.90046826321795e-17	0.0834456568979013	0.0391780852980119	-1.09564843017569	-0.25853184935347	FALSE
GO:0080135	regulation of cellular response to stress	1.54290309891346	1.84571436716421	0.300400723144603	0.00186411080551903	0.256360841083354	0.0913497796350413	-0.302811268250756	-0.25853184935347	FALSE
GO:0003006	developmental process involved in reproduction	1.23666548733809	1.47366247236118	0.466345125889765	0.0299481094104507	0.230035747661926	0.0197879274458674	-0.23699698502309	-0.25295081709017	FALSE
GO:0008202	steroid metabolic process	1.46579664898351	1.23217158655385	0.341114996184489	0.339947387920695	0.479449892167766	0.698596251345224	0.233625062429662	0.250481798134388	FALSE
GO:0003015	heart process	1.38454369337107	1.64135383268829	0.312493466292809	0.00169541037030368	0.336311005628092	0.0472788808053363	-0.256810139317219	-0.245475696528024	FALSE
GO:0060047	heart contraction	1.39668978178722	1.65575282122832	0.305012655587898	0.00140185833640269	0.330422208587286	0.0424348497672581	-0.259063039441097	-0.245475696528024	FALSE
GO:0055002	striated muscle cell development	1.72164652060391	1.45519487440305	0.0772935935011386	0.0116420550121878	0.0020888772083622	0.0152192295076528	0.266451646200862	0.242576600049042	FALSE
GO:0022414	reproductive process	1.39398618095195	1.17824508180599	0.220776093032244	0.250205501700601	0.20520952727814	0.00809636275138824	0.215741099145957	0.242576600049042	FALSE
GO:0007409	axonogenesis	0.600989503459088	0.708477388001853	0.997791603773203	1	0.312381699394579	9.21303453479051e-06	-0.107487884542765	-0.237382014481687	FALSE
GO:0061061	muscle structure development	2.11034038957485	1.79242572875455	0.000226946668803844	3.98537947028578e-11	7.25864210049187e-06	5.4188250147625e-08	0.317914660820298	0.235562378298649	TRUE
GO:0031016	pancreas development	2.62119198460433	3.08478096467246	0.0037163774028989	1.22608715973183e-18	0.00249633133520733	2.8204401174855e-06	-0.463588980068127	-0.234945029035854	TRUE
GO:0072114	pronephros morphogenesis	4.11660752943035	3.51372289403872	0.0224633216108714	5.06836185362426e-06	0.490714652909813	0.00432488940695282	0.602884635391629	0.228455491804389	FALSE
GO:0007254	JNK cascade	2.33508100158536	1.99310415580004	0.121715891782848	0.00891345800534258	0.0310290354836291	0.194809204286648	0.341976845785325	0.228455491804389	FALSE
GO:0051248	negative regulation of protein metabolic process	1.10374030060282	0.942095532686833	0.598439106069126	0.945208402126119	0.230035747661926	0.348551326581965	0.161644767915988	0.228455491804389	FALSE
GO:0009952	anterior/posterior pattern specification	3.01259031145026	2.57139099902653	3.13037921308304e-06	4.48899472035267e-20	5.82881592057188e-05	3.61353842335095e-16	0.441199312423735	0.228455491804389	TRUE
GO:0001704	formation of primary germ layer	1.48936249159022	1.27124265473694	0.360345200353193	0.320824015901604	0.112323640436281	0.000412251462139965	0.218119836853281	0.228455491804389	FALSE
GO:0021772	olfactory bulb development	6.70972721765538	5.76426430500776	0.000725908949623478	3.65422857942456e-13	0.0337260807879165	3.69535035228718e-05	0.94546291264762	0.219117627225053	TRUE
GO:0021988	olfactory lobe development	6.70972721765538	5.76426430500776	0.000725908949623478	3.65422857942456e-13	0.0337260807879165	3.69535035228718e-05	0.94546291264762	0.219117627225053	TRUE
GO:0009259	ribonucleotide metabolic process	1.28634846559115	1.1050900138679	0.42770778694574	0.55848433444055	0.49645150618134	0.0721004847050623	0.181258451723256	0.219117627225053	FALSE
GO:0019693	ribose phosphate metabolic process	1.24738551780414	1.07161730747298	0.459294665947575	0.649416805696314	0.515552063217263	0.0863081932385666	0.17576821033116	0.219117627225053	FALSE
GO:0031032	actomyosin structure organization	1.02522033361786	0.880757262127061	0.64884642828457	1	0.0669537113557104	0.321999517370859	0.144463071490798	0.219117627225053	FALSE
GO:0032940	secretion by cell	0.709463956427036	0.609493892532785	0.932672433335216	1	0.527198818227159	0.302674081310138	0.0999700638942519	0.219117627225053	FALSE
GO:0010628	positive regulation of gene expression	0.936648440351094	1.0901926067427	0.737891152677574	0.573317070267412	0.164233434058876	0.0249718291153819	-0.153544166391611	-0.219003485166833	FALSE
GO:0048514	blood vessel morphogenesis	0.736765099721435	0.857542520778962	0.959106475783208	1	0.135071977703119	6.62615873723431e-05	-0.120777421057527	-0.219003485166833	FALSE
GO:0120035	regulation of plasma membrane bounded cell projection organization	0.455214092197957	0.529837040686559	0.997791603773203	1	0.525388810213326	0.0577161935703022	-0.0746229484886021	-0.219003485166832	FALSE
GO:0031344	regulation of cell projection organization	0.45094090029089	0.524863347224228	0.997791603773203	1	0.530547197038981	0.0632200068103857	-0.0739224469333378	-0.219003485166832	FALSE
GO:0072073	kidney epithelium development	3.5810648772298	4.1681065010459	0.000263048422303762	1.08421301439143e-26	0.00238881681161675	4.6789762332199e-09	-0.587041623816102	-0.219003485166832	TRUE
GO:0002072	optic cup morphogenesis involved in camera-type eye development	4.21902243266085	4.91064402140506	0.0010311044882954	2.87295431983976e-21	0.00098084463819872	1.40959109414539e-07	-0.691621588744217	-0.219003485166832	TRUE
GO:0040036	regulation of fibroblast growth factor receptor signaling pathway	4.5729249230427	5.32256151563322	0.0022259820083639	1.52268048533153e-18	0.060982407869786	1.56864585194287e-05	-0.749636592590514	-0.219003485166832	FALSE
GO:0090092	regulation of transmembrane receptor protein serine/threonine kinase signaling pathway	1.35487532772655	1.57697915430459	0.377203698546261	0.0125372246342982	0.0527448441416811	0.0061401072465591	-0.222103826578043	-0.219003485166832	FALSE
GO:0032835	glomerulus development	2.38826148442808	2.05908713184172	0.0365820998050102	0.000144281780942829	0.0290374450734783	0.0391780852980119	0.329174352586359	0.213955922109274	TRUE
GO:0060113	inner ear receptor cell differentiation	3.62226318201794	3.1230062348149	0.00414788796036795	8.20753405085547e-09	0.035530346201774	0.00160565761479093	0.499256947203037	0.213955922109274	TRUE
GO:0048793	pronephros development	2.763414267319	2.39654746134579	0.00119670790006791	1.55970451143309e-10	0.00516793893198206	9.13283605723122e-06	0.366866805973209	0.205494343361078	TRUE
GO:0035850	epithelial cell differentiation involved in kidney development	4.12755865326833	4.73139593772681	0.000725908949623478	3.6964480314543e-22	0.00647354545233161	8.12638136844193e-07	-0.603837284458474	-0.196977178836833	TRUE
GO:0061005	cell differentiation involved in kidney development	4.11968439262216	4.72236971957618	0.000725908949623478	3.98304151074843e-22	0.00678807734316884	1.02998150051074e-06	-0.60268532695402	-0.196977178836833	TRUE
GO:0009880	embryonic pattern specification	4.73060586536069	4.12956824379333	0.000151447826949386	3.21861474354193e-16	0.0269753847168741	0.000465383843859653	0.601037621567365	0.196034014112012	TRUE
GO:0045743	positive regulation of fibroblast growth factor receptor signaling pathway	10.0787047938248	8.79817521047552	2.64411890700196e-05	1.40599614698836e-20	0.00934921600979633	0.00442087701816352	1.28052958334929	0.196034014112011	TRUE
GO:0033334	fin morphogenesis	3.03699314512489	2.65113408423205	0.00358429049805715	3.95515647469486e-09	0.00678807734316884	0.000319630068229704	0.385859060892843	0.196034014112011	TRUE
GO:0003158	endothelium development	2.73763189392825	2.38980757520789	0.0137065897683411	1.41484858624023e-06	0.0729661803793881	0.026169487531321	0.347824318720354	0.196034014112011	FALSE
GO:0072006	nephron development	3.9081125235163	3.41157514060905	2.23066202839908e-06	4.62997044543993e-23	0.000235155704684087	2.85871534386543e-07	0.496537382907245	0.196034014112011	TRUE
GO:0031099	regeneration	1.10375698720578	0.963521361313503	0.543172036966608	0.927892150752296	0.278955650229042	0.000580083764488653	0.140235625892274	0.196034014112011	FALSE
GO:0061386	closure of optic fissure	4.950439572086	5.66592919601563	0.000388474169255715	8.45166473979161e-24	0.000449884904119977	1.91358570511958e-07	-0.715489623929629	-0.194755938920155	TRUE
GO:0042127	regulation of cell population proliferation	1.56920444390561	1.79600238398543	0.0732598512613948	2.34974417938322e-08	0.00678807734316884	3.02165368875653e-05	-0.22679794007982	-0.194755938920155	FALSE
GO:0001667	ameboidal-type cell migration	1.66671211617553	1.90590119369952	0.0516234364803204	2.83476141174823e-09	0.0354084400063025	0.00501400264209055	-0.239189077523991	-0.193468393059695	FALSE
GO:0045944	positive regulation of transcription by RNA polymerase II	2.55915474178127	2.91813312427591	1.78433898111974e-06	5.17782414566948e-45	2.21545175264879e-07	1.55177949972721e-21	-0.358978382494642	-0.189378316057554	TRUE
GO:0001755	neural crest cell migration	2.59765062740457	2.96049259217142	0.00290731248215193	3.92049590374771e-18	0.010745969088563	0.00055892496573902	-0.362841964766846	-0.188629836123314	TRUE
GO:0090497	mesenchymal cell migration	2.51912202213646	2.87099504707541	0.00373060029087599	2.44916248199983e-17	0.0116699937991753	0.000668295680363479	-0.351873024938954	-0.188629836123313	TRUE
GO:0021854	hypothalamus development	4.72104086113969	5.36412566922003	0.00373060029087599	4.29445322385454e-16	0.0050284081368834	3.53374688813808e-06	-0.64308480808034	-0.184238067006156	TRUE
GO:0055007	cardiac muscle cell differentiation	2.47677894206522	2.81415770184807	0.0559406923988943	7.95246043587172e-08	0.0488395426111152	5.70284137366109e-05	-0.337378759782845	-0.184238067006156	FALSE
GO:0048609	multicellular organismal reproductive process	1.14519564584336	1.30119046643126	0.534178263417664	0.143233888754351	0.253253995970294	0.0467315219939703	-0.155994820587898	-0.184238067006156	FALSE
GO:0008380	RNA splicing	1.25386589639288	1.42199051004238	0.355650206787489	0.00772530240447089	0.281608255822934	0.00869592134443195	-0.168124613649495	-0.18152877974817	FALSE
GO:0016331	morphogenesis of embryonic epithelium	2.57314062725458	2.91176072426133	0.0104244329873813	2.08170988187002e-13	0.000442952315542338	4.00973272532295e-07	-0.338620097006748	-0.178361500669486	TRUE
GO:0001754	eye photoreceptor cell differentiation	1.9032686109512	2.15373490682475	0.171023096542337	0.000181482731070128	0.0802435180456077	0.0321607186508847	-0.250466295873549	-0.178361500669486	FALSE
GO:0071363	cellular response to growth factor stimulus	2.03097255756226	1.7948194629478	0.00256790140435807	1.19498695069217e-08	0.000265354209486558	3.57967143672968e-09	0.23615309461446	0.178332012378553	TRUE
GO:0070848	response to growth factor	2.01790219372084	1.78326886699167	0.00279936468945775	1.66967067126705e-08	0.000276704443657661	4.26465103797238e-09	0.23463332672917	0.178332012378552	TRUE
GO:0140352	export from cell	0.632049567414778	0.560503649318378	0.969946364885186	1	0.620021543895586	0.368582188100986	0.0715459180964002	0.173313937611928	FALSE
GO:0007281	germ cell development	1.56263573882358	1.7581710072887	0.328771609452288	0.0119571181277826	0.245480148263543	0.0809864795469596	-0.195535268465125	-0.170093884685886	FALSE
GO:0022412	cellular process involved in reproduction in multicellular organism	1.51701401276169	1.70684055702979	0.349825094107893	0.0170377590637525	0.267991390995965	0.100180424673106	-0.189826544268103	-0.170093884685886	FALSE
GO:0032259	methylation	0.962513287762949	1.08295421295622	0.718623447881463	0.624943958454491	0.474267223002042	0.741624213288416	-0.120440925193269	-0.170093884685886	FALSE
GO:0060537	muscle tissue development	2.33753173212788	2.07832913792901	0.000934578613179149	3.50926234915865e-11	0.000196905781404446	4.26068461508308e-07	0.259202594198872	0.169561802750821	TRUE
GO:0048562	embryonic organ morphogenesis	2.40322667349397	2.700061535061	1.14552290141604e-06	5.35734627565036e-46	9.3543684891245e-08	4.92532317477009e-20	-0.29683486156703	-0.168019556448028	TRUE
GO:0021537	telencephalon development	4.56569535046899	5.11732655195629	0.00117541065700663	2.77134695273136e-19	0.0101797542058043	9.7134294162959e-09	-0.5516312014873	-0.164555701144456	TRUE
GO:0045596	negative regulation of cell differentiation	1.23017173819479	1.09773862327416	0.513035039779955	0.620640960277958	0.20420987082268	0.0257326924032494	0.132433114920629	0.164325154384674	FALSE
GO:0043484	regulation of RNA splicing	2.23523850794872	1.99460576618814	0.0385926050371254	8.68229459470521e-05	0.0414684192808168	0.0197703704687106	0.240632741760578	0.164325154384673	TRUE
GO:1901987	regulation of cell cycle phase transition	1.15299302720321	1.02886852219844	0.557625626831723	0.773153980679928	0.325723140153561	0.263106982764546	0.124124505004771	0.164325154384673	FALSE
GO:2000026	regulation of multicellular organismal development	1.43374241572897	1.28514846500977	0.0757568023933858	0.00962718314018176	0.000442952315542338	2.61199494632608e-09	0.148593950719204	0.157850820224124	FALSE
GO:0030099	myeloid cell differentiation	1.0436018678568	1.16406722136677	0.628408439412987	0.341754746393523	0.334061627334442	0.00227131244899235	-0.120465353509966	-0.157602940502689	FALSE
GO:0090287	regulation of cellular response to growth factor stimulus	2.17942878022625	2.43100523533449	0.0119351845718674	6.23777671889979e-13	0.00373037983557583	2.91380641386114e-07	-0.251576455108236	-0.157602940502689	TRUE
GO:0035107	appendage morphogenesis	2.98672531153302	2.70381785252302	0.00389174006264299	9.89181929369489e-10	0.00780849530329289	0.000122934192185694	0.282907459009997	0.143566594217876	TRUE
GO:0061008	hepaticobiliary system development	1.4483272364119	1.31113933477057	0.272370335067895	0.127418768391437	0.0549311915446229	0.0113197492852062	0.137187901641329	0.143566594217876	FALSE
GO:0006914	autophagy	0.821825939492127	0.743981255418759	0.843921977062266	1	0.48764177637961	0.243076802874734	0.0778446840733685	0.143566594217876	FALSE
GO:0061919	process utilizing autophagic mechanism	0.821825939492127	0.743981255418759	0.843921977062266	1	0.48764177637961	0.243076802874734	0.0778446840733685	0.143566594217876	FALSE
GO:0001889	liver development	1.51693391505995	1.37324747769707	0.232953140526634	0.0771862221065306	0.0479137461844954	0.00809636275138824	0.143686437362873	0.143566594217876	FALSE
GO:0061371	determination of heart left/right asymmetry	1.26450428325184	1.14472838946588	0.404568320847918	0.405707991872774	0.064641008681787	0.0129979666093006	0.119775893785966	0.143566594217876	FALSE
GO:0030239	myofibril assembly	1.2541626090241	1.13536629537106	0.473467149605569	0.503823082344778	0.038244639916578	0.203783248685445	0.118796313653042	0.143566594217876	FALSE
GO:0040007	growth	0.779807802211262	0.861095483531609	0.927140929948549	1	0.221126145887145	1.00628977677023e-06	-0.0812876813203463	-0.143054631933534	FALSE
GO:0030855	epithelial cell differentiation	2.71546444069177	2.98501937587458	1.12082049950553e-06	1.13424906668637e-42	3.59692690042396e-05	4.85399885416704e-12	-0.269554935182811	-0.13654132497486	TRUE
GO:0072009	nephron epithelium development	4.08584292165707	4.491430675785	8.243597808722e-05	2.68349687454306e-27	0.00108175048320749	6.68003027323895e-08	-0.405587754127926	-0.13654132497486	TRUE
GO:0048736	appendage development	2.53335071426107	2.78482783815374	0.00446240335405889	4.79954048915435e-15	0.00726750587789764	2.49780528334031e-07	-0.251477123892665	-0.13654132497486	TRUE
GO:0035883	enteroendocrine cell differentiation	4.09312274860932	4.49943314644153	0.0128208965129193	1.83563706432188e-11	0.00333870416001119	0.00390364171099394	-0.406310397832203	-0.13654132497486	TRUE
GO:0060972	left/right pattern formation	1.97878946888704	1.80415072059481	0.0119351845718674	6.59920500435466e-07	0.00898629855823894	1.74975926617062e-05	0.174638748292231	0.133298258764049	TRUE
GO:0030902	hindbrain development	3.15166928901292	3.44599792785783	4.645651725249e-05	3.65845942015037e-29	3.62526510121839e-05	1.46551149195296e-15	-0.294328638844912	-0.128805676195254	TRUE
GO:0007519	skeletal muscle tissue development	2.06383269747544	1.89260731803309	0.0471315953263491	9.98160330499793e-05	0.00616148663818322	0.0256698539107653	0.171225379442352	0.124950916050529	TRUE
GO:0008283	cell population proliferation	1.97480027579852	2.1520531706386	0.00105725094294552	2.0082236036214e-20	0.000157996339739916	6.77739473016955e-09	-0.177252894840079	-0.124006971231085	TRUE
GO:0014706	striated muscle tissue development	2.28957867738145	2.10489095367141	0.00148805778582197	2.17557926205592e-11	0.000368430895492548	4.95165081818547e-07	0.184687723710038	0.12133664683441	TRUE
GO:0007610	behavior	0.832398918806722	0.904263294009559	0.859771927616511	1	0.368363058685329	0.00611899461234426	-0.0718643752028364	-0.119467811615918	FALSE
GO:0006325	chromatin organization	0.99989750414015	1.08622271165594	0.668549964515319	0.517881172130815	0.532416562904006	0.250446655609146	-0.0863252075157873	-0.119467811615918	FALSE
GO:0007369	gastrulation	0.92340634447887	1.00312775990243	0.754850079508357	0.810835813321393	0.20420987082268	0.0134300197333808	-0.0797214154235554	-0.119467811615918	FALSE
GO:0010975	regulation of neuron projection development	0.591142533695773	0.64217826653979	0.969946364885186	1	0.309121288012927	0.00622582283396536	-0.0510357328440169	-0.119467811615918	FALSE
GO:0007411	axon guidance	0.653253968109145	0.709652033034837	0.97523992158321	1	0.290813747701565	0.000558467113058941	-0.0563980649256918	-0.119467811615918	FALSE
GO:0097485	neuron projection guidance	0.653253968109145	0.709652033034837	0.97523992158321	1	0.290813747701565	0.000558467113058941	-0.0563980649256918	-0.119467811615918	FALSE
GO:0048738	cardiac muscle tissue development	2.32557732159157	2.14288942229704	0.0194357641967791	1.31425991874312e-06	0.0353332677655137	6.49423089039605e-06	0.182687899294535	0.118031502110738	TRUE
GO:0051090	regulation of DNA-binding transcription factor activity	7.10121836145163	7.6749366982372	0.000548729172214917	2.92231106165244e-20	0.000416666568976785	9.91009258268091e-05	-0.57371833678557	-0.112088281250321	TRUE
GO:0048762	mesenchymal cell differentiation	2.0614924657857	2.22804360793714	0.00644754792972115	9.68627759761647e-14	0.00300003343778002	1.03516429574365e-06	-0.16655114215144	-0.11208828125032	TRUE
GO:0021517	ventral spinal cord development	3.10932306307363	2.88182206424323	0.010073362720887	1.93924824081954e-08	7.72937411650207e-05	6.67846944526146e-07	0.227500998830406	0.109619262294538	TRUE
GO:0060173	limb development	3.45716739134728	3.20953815414333	0.000585518677532345	9.84927838975032e-15	0.003504486502704	1.8345904790897e-06	0.247629237203943	0.107224747154155	TRUE
GO:0060900	embryonic camera-type eye formation	4.00601323446427	4.30948027639668	0.000864077876344993	5.24645931708597e-19	0.000442952315542338	4.4315708390021e-07	-0.303467041932401	-0.105346703371265	TRUE
GO:0048589	developmental growth	0.821190054519424	0.882283572198505	0.884954115535224	1	0.175360394170519	1.18687965443362e-06	-0.0610935176790808	-0.103526267746896	FALSE
GO:0019318	hexose metabolic process	1.91580854840927	1.78389263286649	0.206198773277616	0.0202464239835551	0.309121288012927	0.408716052220124	0.131915915542776	0.10292460972053	FALSE
GO:0005996	monosaccharide metabolic process	1.70398786967685	1.5866571895894	0.271240490689133	0.0590784514602437	0.336693830120618	0.468127083084978	0.117330680087449	0.10292460972053	FALSE
GO:0006006	glucose metabolic process	2.6102730711598	2.43053874317353	0.0898329810115694	0.000472982333861956	0.391805572244659	0.195552099920006	0.179734327986274	0.10292460972053	FALSE
GO:0055013	cardiac muscle cell development	2.357914369766	2.19555658452832	0.118659359152765	0.00183867693255625	0.0951213230569583	0.00252587122199102	0.162357785237683	0.10292460972053	FALSE
GO:0031669	cellular response to nutrient levels	2.17466539753403	2.02492549938341	0.147538860211202	0.00505270107067025	0.396697788943406	0.202127262443623	0.149739898150623	0.10292460972053	FALSE
GO:0055006	cardiac cell development	2.13067406436725	1.98396325646443	0.155322677012905	0.00648627478137883	0.107731759251038	0.0037180674840019	0.146710807902821	0.10292460972053	FALSE
GO:0051726	regulation of cell cycle	0.838351844786336	0.780625851631231	0.854937766864078	1	0.624996909705609	0.394855576282461	0.057725993155105	0.10292460972053	FALSE
GO:0031076	embryonic camera-type eye development	4.14733647467709	4.45175722655247	7.08642330579392e-05	1.87729080891136e-26	9.45021959116682e-05	4.6789762332199e-09	-0.304420751875378	-0.102189820184082	TRUE
GO:0033333	fin development	2.63804748970039	2.83168415390668	0.00358004243350825	4.48419779860182e-15	0.0055563741409749	3.79021387578192e-07	-0.19363666420629	-0.102189820184082	TRUE
GO:0046530	photoreceptor cell differentiation	2.23792427852735	2.38772026370303	0.038484036741408	7.92960612420545e-08	0.038244639916578	0.0071899493523301	-0.149795985175677	-0.0934726030829738	TRUE
GO:0021522	spinal cord motor neuron differentiation	5.36162285104948	5.72050433100817	0.0040952503335296	7.37571594403826e-14	0.00174466560712247	0.000237227321924666	-0.358881479958689	-0.0934726030829736	TRUE
GO:0019953	sexual reproduction	1.18526649700969	1.26460258729606	0.466345125889765	0.126640574466652	0.391805572244659	0.00905022726012214	-0.0793360902863631	-0.0934726030829734	FALSE
GO:0039019	pronephric nephron development	4.58072839988566	4.29493561468465	0.000184043632301349	4.42269572435975e-18	0.00117497294408822	8.12638136844193e-07	0.285792785201006	0.092940521147908	TRUE
GO:0009953	dorsal/ventral pattern formation	1.98989274879412	1.86574284483051	0.0471315953263491	5.34954317737416e-05	0.0055563741409749	0.000298148511487113	0.124149903963604	0.0929405211479077	TRUE
GO:0000122	negative regulation of transcription by RNA polymerase II	2.7276845530609	2.57010217483501	3.813102258881e-05	1.23618303261066e-20	3.88843477543721e-05	2.6585131665879e-09	0.157582378225883	0.0858510963615883	TRUE
GO:0051056	regulation of small GTPase mediated signal transduction	1.27634150688713	1.20260536688591	0.434795612116162	0.329412568374101	0.685642228362388	0.108130360581353	0.0737361400012264	0.0858510963615883	FALSE
GO:0048048	embryonic eye morphogenesis	3.52166110734857	3.73110890270111	0.000792990160022402	9.32838804346264e-19	0.000449884904119977	1.02998150051074e-06	-0.209447795352547	-0.0833483858092663	TRUE
GO:0048596	embryonic camera-type eye morphogenesis	4.12021742952292	4.36526385241295	0.000226946668803844	3.06175856995187e-22	0.000197633975024742	1.08492712690778e-07	-0.245046422890031	-0.0833483858092661	TRUE
GO:0008543	fibroblast growth factor receptor signaling pathway	3.16151081788734	3.34525019916749	0.00391250067408088	5.33586133473967e-14	0.00862772445625318	4.57244566162071e-07	-0.183739381280153	-0.0814999614168976	TRUE
GO:0044344	cellular response to fibroblast growth factor stimulus	3.13203904853014	3.31406560167879	0.00399041197575966	7.49483646853759e-14	0.00891904033597677	5.15370377111545e-07	-0.182026553148651	-0.0814999614168974	TRUE
GO:0071774	response to fibroblast growth factor	3.13203904853014	3.31406560167879	0.00399041197575966	7.49483646853759e-14	0.00891904033597677	5.15370377111545e-07	-0.182026553148651	-0.0814999614168974	TRUE
GO:0060119	inner ear receptor cell development	3.72302519453514	3.52083735278048	0.0061249595383171	5.40941171048938e-10	0.0872442513336555	0.00190932736980749	0.202187841754658	0.0805567966920755	FALSE
GO:0045892	negative regulation of DNA-templated transcription	2.83677539971789	2.68599308694347	1.37891672343925e-07	1.82277999803427e-33	1.06851663458708e-08	3.49252095106265e-14	0.150782312774416	0.0787963388276382	TRUE
GO:1902679	negative regulation of RNA biosynthetic process	2.83677539971789	2.68599308694347	1.37891672343925e-07	1.82277999803427e-33	1.06851663458708e-08	3.49252095106265e-14	0.150782312774416	0.0787963388276382	TRUE
GO:0006974	DNA damage response	1.3800395065249	1.30706160666474	0.19700446920974	0.031904224702363	0.276461539294738	0.023982745821549	0.0729778998601642	0.0783824254577385	FALSE
GO:0048863	stem cell differentiation	2.0885291121064	1.98073359721305	0.00185890515421608	7.00043286227719e-12	0.000601473898783106	6.12146898840051e-07	0.107795514893348	0.0764523983593389	TRUE
GO:0009628	response to abiotic stimulus	0.718925472746263	0.681819482192717	0.947293155543952	1	0.542306710933658	0.408716052220124	0.0371059905535465	0.0764523983593389	FALSE
GO:0061035	regulation of cartilage development	3.8071426014628	4.00922166557161	0.00976698182370714	2.69198892456405e-11	0.0639508419236592	0.0942548050543338	-0.20207906410881	-0.0746135758316579	FALSE
GO:0043583	ear development	3.60857336016749	3.43447674876028	6.66850279019812e-08	7.86337947368468e-37	0.000152311765716553	2.54396919242793e-13	0.174096611407214	0.071338266662697	TRUE
GO:0048839	inner ear development	3.64404748079596	3.4682394107103	6.03529573303526e-08	2.73477501177552e-37	0.000140436108969212	2.00951512181352e-13	0.175808070085659	0.0713382666626967	TRUE
GO:0060538	skeletal muscle organ development	1.92483132343066	1.83302808849339	0.067433296767785	0.000155334618411596	0.00898629855823894	0.0234266067071257	0.0918032349372653	0.0705031320281525	FALSE
GO:0042472	inner ear morphogenesis	4.48724547601969	4.70846641252234	4.1628658210893e-07	5.34117671370523e-40	0.000152769923864048	1.68610345127827e-11	-0.221220936502647	-0.0694271291163224	TRUE
GO:0042471	ear morphogenesis	4.44458279580086	4.66370046469264	4.56747679727414e-07	1.23078291475152e-39	0.000157996339739916	2.06085926675078e-11	-0.219117668891779	-0.0694271291163223	TRUE
GO:0030522	intracellular receptor signaling pathway	1.29320760625001	1.35468205521151	0.473234543259415	0.177600182375317	0.0509870428774171	0.0196614049510352	-0.0614744489614976	-0.0670003917217826	FALSE
GO:0030155	regulation of cell adhesion	0.78127603788184	0.818415097135349	0.86357083491874	1	0.404097406600909	0.512000142759068	-0.0371390592535092	-0.0670003917217826	FALSE
GO:0001525	angiogenesis	0.895792486757665	0.855498800730831	0.801283832860339	1	0.0461530342260557	0.00134257670974357	0.0402936860268341	0.0663987336954162	FALSE
GO:0051253	negative regulation of RNA metabolic process	2.55685635916497	2.44457155203355	1.45510370822624e-06	1.40797137057165e-28	9.3543684891245e-08	4.03495734228459e-13	0.11228480713142	0.064789480833759	TRUE
GO:0001945	lymph vessel development	2.36734656268548	2.46840078921474	0.0501896913719085	1.14918205993544e-06	0.00738853207477247	0.00465295940569583	-0.101054226529261	-0.0603057391477744	FALSE
GO:0140694	membraneless organelle assembly	0.936611292783298	0.976592143598575	0.739681674081693	0.888655243878531	0.150437794830998	0.227241227878047	-0.0399808508152772	-0.0603057391477744	FALSE
GO:0007368	determination of left/right symmetry	1.80972221767853	1.7358203979572	0.0322397284561273	6.02490083907828e-06	0.0165107526934196	6.23386699378474e-05	0.073901819721335	0.0601505860302383	TRUE
GO:0055123	digestive system development	2.04097091383272	2.12359409898013	0.0497137292184603	1.11834440299203e-06	0.095962795081652	4.55090986297352e-06	-0.0826231851474102	-0.0572524151702203	FALSE
GO:0030900	forebrain development	5.14963444892517	5.35003099384736	6.92551666326933e-16	3.75705226334764e-92	5.93632944049344e-14	1.50411143429198e-23	-0.200396544922191	-0.0550772243459629	TRUE
GO:0050953	sensory perception of light stimulus	1.27361687954041	1.31768894385671	0.460790862540768	0.177600182375317	0.381434864272639	0.47614658901727	-0.0440720643162937	-0.0490784837245203	FALSE
GO:0007601	visual perception	1.30491658104718	1.35007173595378	0.437090838707516	0.144302267453075	0.368363058685329	0.455172978348546	-0.0451551549066012	-0.0490784837245201	FALSE
GO:0001503	ossification	2.0642799498615	2.00223001024682	0.0571764891422136	3.63757759818289e-05	0.0120724381483835	1.49900862613766e-06	0.0620499396146781	0.0440309206669616	FALSE
GO:0003143	embryonic heart tube morphogenesis	1.49800317656758	1.45297488151736	0.267364142616031	0.043823652575183	0.0395115602988036	0.00557256798525281	0.0450282950502185	0.0440309206669616	FALSE
GO:0021538	epithalamus development	9.21641778663685	8.93938260680922	3.84914629915852e-06	1.40797137057165e-28	0.00226005765415314	3.69535035228718e-05	0.277035179827633	0.0440309206669613	TRUE
GO:0060841	venous blood vessel development	4.76837298991196	4.62504104692421	0.0138579908020582	7.0173013383158e-09	0.0136077596834625	0.0391780852980119	0.143331942987747	0.0440309206669613	TRUE
GO:1903313	positive regulation of mRNA metabolic process	1.98642965578316	1.92671980867719	0.188353830617807	0.00756340718683506	0.0205397057129271	0.023246767696132	0.0597098471059705	0.0440309206669613	FALSE
GO:0009060	aerobic respiration	1.52802579162651	1.48209505044654	0.306535229378626	0.0684627335056617	0.512064692132244	0.0335524619804359	0.0459307411799728	0.0440309206669613	FALSE
GO:0045333	cellular respiration	1.35687786792591	1.31609164134121	0.402579002217282	0.194955659968467	0.567035690390952	0.0638529950873474	0.0407862265846957	0.0440309206669613	FALSE
GO:0015980	energy derivation by oxidation of organic compounds	1.00903761704297	0.978707078197864	0.67050197438836	0.87867287818453	0.741589790965905	0.248609156764607	0.0303305388451095	0.0440309206669613	FALSE
GO:0007600	sensory perception	0.976231352418267	0.946886933086203	0.700362198409528	0.981059165990523	0.759695621646742	0.780148063590663	0.0293444193320643	0.0440309206669613	FALSE
GO:0006091	generation of precursor metabolites and energy	0.919975151702503	0.892321730656596	0.751449579190021	1	0.790938050249893	0.345790978808834	0.0276534210459073	0.0440309206669613	FALSE
GO:0006886	intracellular protein transport	0.593000331071176	0.575175406338017	0.97523992158321	1	0.642339587285046	0.745390606165253	0.017824924733159	0.0440309206669613	FALSE
GO:0033339	pectoral fin development	3.47814146950849	3.37359243866179	0.000872304854239411	2.92771122679172e-15	0.00862772445625318	1.93752731821278e-06	0.104549030846707	0.044030920666961	TRUE
GO:0001947	heart looping	1.59785401085982	1.63838570098434	0.243566236961143	0.011741301037698	0.062163730368624	0.00414479505805601	-0.0405316901245156	-0.0361394280170221	FALSE
GO:0030510	regulation of BMP signaling pathway	1.94349808446865	1.99279749579277	0.132539233578731	0.000487596361849295	0.0143115150118377	0.0162003131415383	-0.0492994113241194	-0.0361394280170218	FALSE
GO:0014033	neural crest cell differentiation	2.32431010725109	2.38326932153481	0.00209917391000374	6.83036730660735e-15	0.00104348220581203	1.78869065694007e-06	-0.0589592142837163	-0.0361394280170216	TRUE
GO:0009799	specification of symmetry	1.83429874173297	1.86811986820744	0.0223073942269808	2.41418281691868e-08	0.0136077596834625	2.71700685023564e-05	-0.0338211264744692	-0.0263584072244367	TRUE
GO:0009855	determination of bilateral symmetry	1.83429874173297	1.86811986820744	0.0223073942269808	2.41418281691868e-08	0.0136077596834625	2.71700685023564e-05	-0.0338211264744692	-0.0263584072244367	TRUE
GO:0014032	neural crest cell development	2.56545996834394	2.61276237556937	0.000966603642150462	1.35380522980983e-16	0.00160154850166948	2.83511698935365e-05	-0.0473024072254304	-0.0263584072244365	TRUE
GO:0048864	stem cell development	2.56545996834394	2.61276237556937	0.000966603642150462	1.35380522980983e-16	0.00160154850166948	2.83511698935365e-05	-0.0473024072254304	-0.0263584072244365	TRUE
GO:0009117	nucleotide metabolic process	1.02192122661558	1.04076359196532	0.648598003762692	0.705733244716123	0.561277147604909	0.016323645488515	-0.0188423653497449	-0.0263584072244365	FALSE
GO:0060485	mesenchyme development	2.07414541607957	2.04274968441142	0.00240743018765606	8.79395191619694e-13	0.000334806068526419	4.6789762332199e-09	0.031395731668149	0.0220046143369623	TRUE
GO:0034655	nucleobase-containing compound catabolic process	1.07258630571591	1.08658314522514	0.586444192945116	0.544841806203262	0.430530074963501	0.0339979062402167	-0.013996839509222	-0.0187048346810014	FALSE
GO:0035113	embryonic appendage morphogenesis	4.09150836742558	4.04789266000709	0.00123044092911376	4.79954048915435e-15	0.0140879095139001	0.000115957592347195	0.043615707418482	0.0154617684701908	TRUE
GO:0035118	embryonic pectoral fin morphogenesis	4.90898003233244	4.856650031368	0.000409943390531093	4.44766730011312e-18	0.00870212600560957	2.23984423549606e-05	0.0523300009644361	0.0154617684701905	TRUE
GO:0003407	neural retina development	1.81393148457378	1.82978300854805	0.103342397185719	0.000218921222963998	0.062163730368624	2.03659533380946e-05	-0.0158515239742736	-0.0125526076994061	FALSE
GO:0022407	regulation of cell-cell adhesion	1.2465935017449	1.25748719147196	0.501568407316199	0.300951276398908	0.196261404660963	0.252061385232137	-0.0108936897270548	-0.0125526076994061	FALSE
GO:0035138	pectoral fin morphogenesis	4.16216240658737	4.19853457264432	0.00112258507751444	6.30494750022136e-16	0.0140879095139001	1.92147725420141e-05	-0.0363721660569452	-0.0125526076994059	TRUE
GO:0044057	regulation of system process	1.55537072658298	1.5421428723852	0.213982836102072	0.0125372246342982	0.115826114305603	0.0197703704687106	0.0132278541977755	0.0123220609396233	FALSE
GO:0001822	kidney development	2.63177795426005	2.61393373311372	0.000184043632301349	4.82245999792611e-20	0.00321081646120965	2.71226742936013e-06	0.0178442211463312	0.00981520532904874	TRUE
GO:0072001	renal system development	2.61998273906739	2.60221849291592	0.000184043632301349	6.80207238910657e-20	0.00339147540170226	3.17786507598884e-06	0.0177642461514704	0.00981520532904842	TRUE
GO:0072521	purine-containing compound metabolic process	0.899360453044415	0.894134853882784	0.776447533909877	1	0.715334489400584	0.0387719426460861	0.0052255991616309	0.00840701093624005	FALSE
GO:0003007	heart morphogenesis	1.62247062966591	1.62924337022249	0.0776897132040498	6.3658424848948e-05	0.00992065802831321	1.61733784972732e-06	-0.00677274055658139	-0.00600976183263413	FALSE
GO:0061351	neural precursor cell proliferation	3.50822296135847	3.49999170645776	0.0138579908020582	3.17709707671721e-09	0.0174482438039276	0.015466815316717	0.00823125490070398	0.00338893616961564	TRUE
GO:0001946	lymphangiogenesis	3.30142118115447	3.29367514004591	0.017953957111867	1.3973554698396e-08	0.00516793893198206	0.0617836201836881	0.00774604110855659	0.00338893616961532	FALSE
GO:0036303	lymph vessel morphogenesis	2.99138678586294	2.98436817062319	0.0260058113543912	1.42665130897407e-07	0.00601683426715721	0.0702110980932126	0.00701861523975067	0.00338893616961532	FALSE
GO:0010927	cellular component assembly involved in morphogenesis	1.14660493757178	1.14921058870561	0.54582439798168	0.456538633990037	0.0563437721468388	0.110818799541787	-0.00260565113382705	-0.00327479411139533	FALSE
GO:0032989	cellular anatomical entity morphogenesis	1.14660493757178	1.14921058870561	0.54582439798168	0.456538633990037	0.0563437721468388	0.110818799541787	-0.00260565113382705	-0.00327479411139533	FALSE
